-- phpMyAdmin SQL Dump
-- version 5.2.2
-- https://www.phpmyadmin.net/
--
-- Host: db
-- Generation Time: Mar 20, 2025 at 01:21 AM
-- Server version: 8.0.41
-- PHP Version: 8.2.27

SET SQL_MODE = "NO_AUTO_VALUE_ON_ZERO";
START TRANSACTION;
SET time_zone = "+00:00";


/*!40101 SET @OLD_CHARACTER_SET_CLIENT=@@CHARACTER_SET_CLIENT */;
/*!40101 SET @OLD_CHARACTER_SET_RESULTS=@@CHARACTER_SET_RESULTS */;
/*!40101 SET @OLD_COLLATION_CONNECTION=@@COLLATION_CONNECTION */;
/*!40101 SET NAMES utf8mb4 */;

--
-- Database: `flavorconnect`
--

-- SQL to drop the database if it exists
DROP DATABASE IF EXISTS `swbhdnmy_db_flavorconnect`;

CREATE DATABASE IF NOT EXISTS `swbhdnmy_db_flavorconnect` DEFAULT CHARACTER SET utf8mb4 COLLATE utf8mb4_0900_ai_ci;
USE `swbhdnmy_db_flavorconnect`;

-- --------------------------------------------------------

--
-- Table structure for table `ingredient`
--

CREATE TABLE `ingredient` (
  `ingredient_id` int UNSIGNED NOT NULL,
  `recipe_id` int UNSIGNED NOT NULL,
  `name` varchar(255) CHARACTER SET utf8mb4 COLLATE utf8mb4_general_ci NOT NULL
) ENGINE=InnoDB DEFAULT CHARSET=utf8mb4 COLLATE=utf8mb4_general_ci;

--
-- Dumping data for table `ingredient`
--

INSERT INTO `ingredient` (`ingredient_id`, `recipe_id`, `name`) VALUES
(5, 1, 'black pepper'),
(2, 1, 'eggs'),
(4, 1, 'pancetta'),
(3, 1, 'pecorino romano cheese'),
(6, 1, 'salt'),
(1, 1, 'spaghetti'),
(12, 2, 'avocado'),
(9, 2, 'black beans'),
(10, 2, 'cheddar cheese'),
(8, 2, 'eggs'),
(7, 2, 'large tortillas'),
(14, 2, 'pepper'),
(11, 2, 'salsa'),
(13, 2, 'salt'),
(19, 3, 'avocado'),
(17, 3, 'chickpeas'),
(18, 3, 'kale'),
(21, 3, 'lemon juice'),
(22, 3, 'olive oil'),
(24, 3, 'pepper'),
(15, 3, 'quinoa'),
(23, 3, 'salt'),
(16, 3, 'sweet potato'),
(20, 3, 'tahini'),
(27, 4, 'cherry tomatoes'),
(26, 4, 'cucumber'),
(30, 4, 'feta cheese'),
(33, 4, 'fresh parsley'),
(29, 4, 'kalamata olives'),
(32, 4, 'lemon juice'),
(31, 4, 'olive oil'),
(35, 4, 'pepper'),
(25, 4, 'quinoa'),
(28, 4, 'red onion'),
(34, 4, 'salt'),
(40, 5, 'bamboo shoots'),
(46, 5, 'basil leaves'),
(39, 5, 'bell peppers'),
(42, 5, 'broccoli'),
(44, 5, 'brown sugar'),
(41, 5, 'carrots'),
(36, 5, 'coconut milk'),
(47, 5, 'jasmine rice'),
(45, 5, 'lime juice'),
(37, 5, 'red curry paste'),
(43, 5, 'soy sauce'),
(38, 5, 'tofu'),
(48, 6, 'Arborio rice'),
(56, 6, 'Black pepper'),
(53, 6, 'Garlic'),
(49, 6, 'Mushrooms'),
(52, 6, 'Olive oil'),
(54, 6, 'Onion'),
(51, 6, 'Parmesan cheese'),
(55, 6, 'Salt'),
(50, 6, 'Vegetable broth'),
(58, 7, 'BBQ sauce'),
(66, 7, 'Black pepper'),
(64, 7, 'Brown sugar'),
(59, 7, 'Burger buns'),
(62, 7, 'Garlic powder'),
(60, 7, 'Onion slices'),
(63, 7, 'Paprika'),
(61, 7, 'Pickles'),
(57, 7, 'Pork shoulder'),
(65, 7, 'Salt'),
(72, 8, 'Black pepper'),
(76, 8, 'Butter'),
(70, 8, 'Garlic cloves'),
(68, 8, 'Lemon juice'),
(69, 8, 'Olive oil'),
(75, 8, 'Paprika'),
(73, 8, 'Rosemary'),
(71, 8, 'Salt'),
(74, 8, 'Thyme'),
(67, 8, 'Whole chicken'),
(82, 9, 'Bean sprouts'),
(80, 9, 'Broccoli'),
(79, 9, 'Carrots'),
(86, 9, 'Crushed peanuts'),
(84, 9, 'Garlic'),
(83, 9, 'Green onions'),
(85, 9, 'Lime'),
(78, 9, 'Peanut sauce'),
(77, 9, 'Rice noodles'),
(88, 9, 'Sesame oil'),
(87, 9, 'Soy sauce'),
(81, 9, 'Tofu'),
(92, 10, 'Fresh basil leaves'),
(91, 10, 'Mozzarella cheese'),
(93, 10, 'Olive oil'),
(89, 10, 'Pizza dough'),
(94, 10, 'Salt'),
(90, 10, 'Tomato sauce'),
(95, 11, 'Chickpeas'),
(101, 11, 'Cumin'),
(99, 11, 'Garlic'),
(97, 11, 'Lemon juice'),
(98, 11, 'Olive oil'),
(102, 11, 'Paprika'),
(100, 11, 'Salt'),
(96, 11, 'Tahini'),
(103, 11, 'Water'),
(104, 12, 'Black beans'),
(113, 12, 'Chili powder'),
(107, 12, 'Cilantro'),
(112, 12, 'Cumin'),
(109, 12, 'Garlic'),
(110, 12, 'Jalapeño'),
(108, 12, 'Lime'),
(115, 12, 'Olive oil'),
(106, 12, 'Red onion'),
(114, 12, 'Salt'),
(111, 12, 'Tomato'),
(105, 12, 'Tortillas'),
(121, 13, 'Bamboo shoots'),
(122, 13, 'Basil leaves'),
(119, 13, 'Bell peppers'),
(124, 13, 'Brown sugar'),
(120, 13, 'Carrots'),
(116, 13, 'Coconut milk'),
(117, 13, 'Green curry paste'),
(126, 13, 'Jasmine rice'),
(125, 13, 'Lime juice'),
(123, 13, 'Soy sauce'),
(118, 13, 'Tofu'),
(127, 14, 'All-purpose flour'),
(128, 14, 'Baking powder'),
(133, 14, 'Blueberries'),
(132, 14, 'Butter'),
(130, 14, 'Eggs'),
(134, 14, 'Maple syrup'),
(129, 14, 'Milk'),
(135, 14, 'Salt'),
(131, 14, 'Sugar'),
(142, 15, 'Black pepper'),
(137, 15, 'Butter'),
(138, 15, 'Garlic'),
(139, 15, 'Lemon juice'),
(140, 15, 'Parsley'),
(141, 15, 'Salt'),
(136, 15, 'Shrimp'),
(143, 16, 'All-purpose flour'),
(144, 16, 'Baking soda'),
(146, 16, 'Brown sugar'),
(145, 16, 'Butter'),
(151, 16, 'Chocolate chips'),
(148, 16, 'Eggs'),
(150, 16, 'Salt'),
(149, 16, 'Vanilla extract'),
(147, 16, 'White sugar'),
(152, 18, 'test'),
(153, 19, 'Test Ingredient 1'),
(154, 19, 'Test Ingredient 2'),
(155, 20, 'Test Ingredient 1'),
(156, 20, 'Test Ingredient 2'),
(157, 44, 'Test Ingredient 3'),
(166, 64, ' m,b,bm,nbmnbm'),
(165, 64, ' mn,bmvb'),
(167, 64, '.bjkhgjkhgjkgb'),
(158, 79, 'huts'),
(160, 80, 'ertwrwywyy'),
(161, 80, 'etqtyrywrtyw'),
(159, 80, 'rtrwrywywy5y'),
(162, 81, 'agtatrtarrtt'),
(163, 81, 'eatrqtqrtqt'),
(164, 82, 'garlic (minced)'),
(168, 83, '.bhjguyggjkh'),
(170, 83, '.lkhlkjhjlhhjh'),
(169, 83, 'lgkjguyg'),
(171, 84, 'Bacon'),
(189, 85, '1 Honey Crip Apple'),
(177, 85, '1 Honey Crips Apple'),
(173, 85, '1 Whole Garlic Bulb'),
(172, 85, '1 Whole Yellow Onion'),
(174, 85, '2-3 Whole Carrots'),
(185, 85, 'Apple cider vinegar (or rice vinegar) '),
(176, 85, 'Bay Leaves'),
(180, 85, 'Cayenne Pepper'),
(175, 85, 'Chicken Breast'),
(181, 85, 'Coarse Sea Salt'),
(184, 85, 'Filtered Water'),
(182, 85, 'Kettle & Fire Chicken Bone Broth'),
(178, 85, 'Siracha'),
(183, 85, 'Swanson Chicken Broth'),
(179, 85, 'Worcestershire Sauce'),
(188, 86, 'Cream Cheese (softened)'),
(186, 86, 'Regular Pork Sausage'),
(187, 86, 'Shredded Cheddar Ceese'),
(191, 87, 'bread'),
(192, 87, 'cheese'),
(190, 87, 'fist'),
(193, 87, 'mayonnaise'),
(194, 88, 'black beans, rinsed and drained'),
(198, 88, 'instant coffee'),
(199, 88, 'semi-sweet chocolate chips'),
(197, 88, 'unsweetened cocoa powder'),
(196, 88, 'vanilla'),
(195, 88, 'vegetable oil'),
(212, 90, 'Black pepper'),
(210, 90, 'Canned tomatoes'),
(203, 90, 'Carrots'),
(200, 90, 'Chickpeas'),
(208, 90, 'Cinnamon'),
(206, 90, 'Cumin'),
(204, 90, 'Garlic cloves'),
(201, 90, 'Olive oil'),
(202, 90, 'Onion'),
(207, 90, 'Paprika'),
(211, 90, 'Salt'),
(205, 90, 'Tomato paste'),
(209, 90, 'Vegetable broth'),
(213, 91, 'Beef sirloin, thinly sliced'),
(221, 91, 'Black pepper'),
(215, 91, 'Brown sugar'),
(223, 91, 'Carrots, julienned'),
(222, 91, 'Cooked rice'),
(216, 91, 'Garlic cloves, minced'),
(218, 91, 'Ginger, grated'),
(219, 91, 'Green onions, chopped'),
(217, 91, 'Sesame oil'),
(220, 91, 'Sesame seeds'),
(214, 91, 'Soy sauce'),
(224, 92, 'Bell peppers'),
(233, 92, 'Black pepper'),
(226, 92, 'Cherry tomatoes, diced'),
(228, 92, 'Feta cheese, crumbled'),
(231, 92, 'Fresh parsley, chopped'),
(229, 92, 'Garlic, minced'),
(234, 92, 'Lemon juice'),
(230, 92, 'Olive oil'),
(225, 92, 'Quinoa'),
(227, 92, 'Red onion, finely chopped'),
(232, 92, 'Salt'),
(243, 93, 'Black pepper'),
(236, 93, 'Cajun seasoning'),
(240, 93, 'Fresh parsley, chopped'),
(237, 93, 'Garlic, minced'),
(241, 93, 'Lemon wedges'),
(239, 93, 'Olive oil'),
(235, 93, 'Salmon fillets'),
(242, 93, 'Salt'),
(238, 93, 'Unsalted butter'),
(251, 94, 'Bell peppers, sliced'),
(248, 94, 'Black pepper'),
(255, 94, 'Cayenne pepper'),
(253, 94, 'Coconut milk'),
(257, 94, 'Cooked white rice (for serving)'),
(256, 94, 'Fresh cilantro, chopped'),
(246, 94, 'Garlic, minced'),
(245, 94, 'Lime juice'),
(249, 94, 'Olive oil'),
(250, 94, 'Onion, chopped'),
(254, 94, 'Paprika'),
(247, 94, 'Salt'),
(252, 94, 'Tomatoes, diced'),
(244, 94, 'White fish fillets (tilapia, cod, or snapper)'),
(264, 95, 'Berbere spice blend'),
(268, 95, 'Black pepper'),
(271, 95, 'Butter (or vegan butter)'),
(273, 95, 'Fresh cilantro, chopped'),
(261, 95, 'Garlic, minced'),
(262, 95, 'Ginger, grated'),
(266, 95, 'Ground coriander'),
(265, 95, 'Ground cumin'),
(274, 95, 'Injera (Ethiopian flatbread), for serving'),
(272, 95, 'Lemon juice'),
(259, 95, 'Olive oil'),
(260, 95, 'Onion, diced'),
(258, 95, 'Red lentils'),
(267, 95, 'Salt'),
(263, 95, 'Tomato paste'),
(269, 95, 'Vegetable broth'),
(270, 95, 'Water'),
(275, 96, 'All-purpose flour'),
(280, 96, 'Bacon slices (or tofu for vegetarian)'),
(283, 96, 'Bonito flakes (optional)'),
(278, 96, 'Cabbage, finely shredded'),
(277, 96, 'Dashi stock (or water)'),
(276, 96, 'Eggs'),
(279, 96, 'Green onions, chopped'),
(282, 96, 'Japanese mayonnaise'),
(284, 96, 'Nori seaweed, shredded'),
(281, 96, 'Okonomiyaki sauce'),
(285, 96, 'Salt'),
(286, 96, 'Vegetable oil'),
(302, 97, 'Black pepper'),
(292, 97, 'Canned diced tomatoes'),
(290, 97, 'Carrots, chopped'),
(291, 97, 'Chickpeas, cooked'),
(306, 97, 'Cooked couscous or rice for serving'),
(299, 97, 'Coriander'),
(304, 97, 'Fresh cilantro, chopped'),
(289, 97, 'Garlic, minced'),
(296, 97, 'Ground cinnamon'),
(295, 97, 'Ground cumin'),
(297, 97, 'Ground ginger'),
(303, 97, 'Harissa paste (optional)'),
(305, 97, 'Lemon juice'),
(287, 97, 'Olive oil'),
(288, 97, 'Onion, chopped'),
(298, 97, 'Paprika'),
(294, 97, 'Raisins'),
(301, 97, 'Salt'),
(300, 97, 'Turmeric'),
(293, 97, 'Vegetable broth'),
(310, 98, 'All-purpose flour'),
(319, 98, 'Basil leaves, fresh'),
(309, 98, 'Black pepper'),
(312, 98, 'Breadcrumbs'),
(318, 98, 'Dried oregano'),
(307, 98, 'Eggplants, sliced into rounds'),
(311, 98, 'Eggs, beaten'),
(317, 98, 'Garlic, minced'),
(314, 98, 'Mozzarella cheese, shredded'),
(315, 98, 'Olive oil'),
(313, 98, 'Parmesan cheese, grated'),
(320, 98, 'Red pepper flakes (optional)'),
(308, 98, 'Salt'),
(316, 98, 'Tomato sauce'),
(335, 99, 'All-purpose flour'),
(333, 99, 'Bay leaves'),
(324, 99, 'Black pepper'),
(334, 99, 'Butter'),
(328, 99, 'Cinnamon'),
(330, 99, 'Diced tomatoes'),
(332, 99, 'Dried oregano'),
(337, 99, 'Egg yolks'),
(321, 99, 'Eggplants, sliced into rounds'),
(327, 99, 'Garlic, minced'),
(325, 99, 'Ground lamb or beef'),
(336, 99, 'Milk'),
(338, 99, 'Nutmeg'),
(322, 99, 'Olive oil'),
(326, 99, 'Onion, diced'),
(339, 99, 'Parmesan cheese, grated'),
(331, 99, 'Red wine'),
(323, 99, 'Salt'),
(329, 99, 'Tomato paste'),
(350, 100, 'Black pepper'),
(348, 100, 'Dill, chopped'),
(347, 100, 'Eggs'),
(345, 100, 'Feta cheese, crumbled'),
(340, 100, 'Fresh spinach, chopped'),
(344, 100, 'Garlic, minced'),
(343, 100, 'Green onions, chopped'),
(341, 100, 'Olive oil'),
(351, 100, 'Phyllo dough'),
(346, 100, 'Ricotta cheese'),
(349, 100, 'Salt'),
(353, 100, 'Sesame seeds (optional)'),
(352, 100, 'Unsalted butter, melted'),
(342, 100, 'Yellow onion, finely chopped'),
(363, 101, 'Bay leaves'),
(366, 101, 'Black pepper'),
(356, 101, 'Carrots, diced'),
(357, 101, 'Celery, chopped'),
(361, 101, 'Diced tomatoes'),
(364, 101, 'Dried oregano'),
(354, 101, 'Dried white beans'),
(368, 101, 'Fresh parsley, chopped'),
(359, 101, 'Garlic, minced'),
(369, 101, 'Lemon juice'),
(355, 101, 'Olive oil'),
(367, 101, 'Red pepper flakes (optional)'),
(365, 101, 'Salt'),
(360, 101, 'Tomato paste'),
(362, 101, 'Vegetable broth'),
(358, 101, 'Yellow onion, chopped'),
(379, 102, 'Black pepper'),
(384, 102, 'Cucumber, sliced'),
(374, 102, 'Dried oregano'),
(385, 102, 'Feta cheese, crumbled'),
(373, 102, 'Garlic, minced'),
(371, 102, 'Ground beef'),
(376, 102, 'Ground coriander'),
(375, 102, 'Ground cumin'),
(370, 102, 'Ground lamb'),
(380, 102, 'Olive oil'),
(377, 102, 'Paprika'),
(381, 102, 'Pita bread'),
(383, 102, 'Red onion, thinly sliced'),
(378, 102, 'Salt'),
(382, 102, 'Tomatoes, sliced'),
(386, 102, 'Tzatziki sauce'),
(372, 102, 'Yellow onion, grated'),
(394, 103, 'Bay leaves'),
(389, 103, 'Beef broth'),
(387, 103, 'Beef roast (rump or chuck)'),
(399, 103, 'Black pepper'),
(404, 103, 'Butter'),
(392, 103, 'Carrot, chopped'),
(393, 103, 'Celery stalk, chopped'),
(403, 103, 'Flour'),
(400, 103, 'Ginger, grated'),
(397, 103, 'Juniper berries'),
(391, 103, 'Onion, chopped'),
(402, 103, 'Raisins'),
(388, 103, 'Red wine vinegar'),
(398, 103, 'Salt'),
(401, 103, 'Sugar'),
(390, 103, 'Water'),
(396, 103, 'Whole black peppercorns'),
(395, 103, 'Whole cloves'),
(416, 104, 'Beef broth'),
(407, 104, 'Black pepper'),
(410, 104, 'Breadcrumbs'),
(411, 104, 'Butter'),
(409, 104, 'Eggs'),
(408, 104, 'Flour'),
(415, 104, 'Garlic, minced'),
(417, 104, 'Heavy cream'),
(413, 104, 'Mushrooms, sliced'),
(414, 104, 'Onion, chopped'),
(418, 104, 'Paprika'),
(419, 104, 'Parsley, chopped'),
(405, 104, 'Pork cutlets'),
(406, 104, 'Salt'),
(412, 104, 'Vegetable oil'),
(425, 105, 'Beef broth'),
(420, 105, 'Beef sirloin, sliced thin'),
(431, 105, 'Black pepper'),
(421, 105, 'Butter'),
(427, 105, 'Dijon mustard'),
(432, 105, 'Egg noodles'),
(429, 105, 'Flour'),
(424, 105, 'Garlic, minced'),
(423, 105, 'Mushrooms, sliced'),
(430, 105, 'Salt'),
(426, 105, 'Sour cream'),
(428, 105, 'Worcestershire sauce'),
(422, 105, 'Yellow onion, finely chopped'),
(449, 106, 'Basmati rice'),
(441, 106, 'Black pepper'),
(444, 106, 'Butter'),
(433, 106, 'Chicken breast, cubed'),
(448, 106, 'Cilantro, chopped'),
(436, 106, 'Garam masala'),
(442, 106, 'Garlic, minced'),
(443, 106, 'Ginger, grated'),
(438, 106, 'Ground coriander'),
(437, 106, 'Ground cumin'),
(439, 106, 'Ground turmeric'),
(447, 106, 'Heavy cream'),
(435, 106, 'Lemon juice'),
(434, 106, 'Plain yogurt'),
(440, 106, 'Salt'),
(446, 106, 'Tomato puree'),
(445, 106, 'Yellow onion, chopped'),
(450, 107, 'Tomatoes'),
(452, 109, 'Celery'),
(451, 109, 'Lentils'),
(453, 112, 'Spinach'),
(455, 113, 'Oregano'),
(454, 113, 'Potatoes'),
(456, 115, 'Ice Cubes'),
(457, 116, 'Black Tea Leaves'),
(459, 116, 'Cardamom'),
(458, 116, 'Cloves'),
(460, 117, 'Scallions'),
(463, 118, 'Cotija Cheese'),
(462, 118, 'Red Salsa'),
(461, 118, 'Tortilla Chips'),
(464, 122, 'Ginger'),
(467, 123, 'Honey'),
(465, 123, 'Mango'),
(466, 123, 'Yogurt'),
(468, 124, 'Pork Spare Ribs'),
(469, 125, 'Dried Seaweed'),
(470, 125, 'Rice Vinegar'),
(471, 126, 'Beef Short Ribs'),
(472, 126, 'Green Onion'),
(473, 126, 'Pear'),
(474, 127, 'Lamb'),
(475, 128, 'Yeast'),
(477, 130, 'Dumpling Wrappers'),
(476, 130, 'Ground Pork'),
(478, 131, 'White Fish'),
(481, 132, 'Carrot'),
(480, 132, 'Chicken Broth'),
(479, 132, 'Matzo Meal'),
(482, 133, 'Picanha Steak'),
(483, 133, 'Rock Salt'),
(484, 134, 'Cream Cheese'),
(485, 134, 'Graham Cracker Crumbs'),
(486, 135, 'Cachaça'),
(487, 135, 'Ice'),
(489, 136, 'Cinnamon Stick'),
(488, 136, 'White Rice'),
(490, 137, 'Cuban Bread'),
(492, 137, 'Ham'),
(491, 137, 'Roast Pork'),
(493, 137, 'Swiss Cheese'),
(494, 137, 'Yellow Mustard'),
(496, 139, 'Bell Pepper'),
(495, 139, 'Flank Steak'),
(497, 139, 'Olives'),
(500, 140, 'Beef Stock'),
(498, 140, 'Veal Shanks'),
(499, 140, 'White Wine');

-- --------------------------------------------------------

--
-- Table structure for table `measurement`
--

CREATE TABLE `measurement` (
  `measurement_id` int UNSIGNED NOT NULL,
  `name` varchar(50) CHARACTER SET utf8mb4 COLLATE utf8mb4_general_ci NOT NULL
) ENGINE=InnoDB DEFAULT CHARSET=utf8mb4 COLLATE=utf8mb4_general_ci;

--
-- Dumping data for table `measurement`
--

INSERT INTO `measurement` (`measurement_id`, `name`) VALUES
(17, 'clove'),
(1, 'cup'),
(9, 'dash'),
(4, 'gram'),
(5, 'kilogram'),
(10, 'liter'),
(19, 'milligram'),
(11, 'milliliter'),
(6, 'ounce'),
(15, 'pack'),
(16, 'piece'),
(8, 'pinch'),
(7, 'pound'),
(20, 'quart'),
(18, 'slice'),
(3, 'tablespoon'),
(2, 'teaspoon');

-- --------------------------------------------------------

--
-- Table structure for table `recipe`
--

CREATE TABLE `recipe` (
  `recipe_id` int UNSIGNED NOT NULL,
  `user_id` int UNSIGNED NOT NULL,
  `title` varchar(100) CHARACTER SET utf8mb4 COLLATE utf8mb4_general_ci NOT NULL,
  `description` text CHARACTER SET utf8mb4 COLLATE utf8mb4_general_ci,
  `type_id` int UNSIGNED DEFAULT NULL,
  `style_id` int UNSIGNED DEFAULT NULL,
  `diet_id` int UNSIGNED DEFAULT NULL,
  `prep_time` int DEFAULT '0',
  `cook_time` int DEFAULT '0',
  `video_url` varchar(255) CHARACTER SET utf8mb4 COLLATE utf8mb4_general_ci DEFAULT NULL,
  `img_file_path` varchar(255) CHARACTER SET utf8mb4 COLLATE utf8mb4_general_ci DEFAULT NULL,
  `alt_text` varchar(255) CHARACTER SET utf8mb4 COLLATE utf8mb4_general_ci DEFAULT NULL,
  `is_featured` tinyint(1) DEFAULT '0',
  `created_at` timestamp NOT NULL DEFAULT CURRENT_TIMESTAMP,
  `updated_at` timestamp NULL DEFAULT NULL ON UPDATE CURRENT_TIMESTAMP
) ENGINE=InnoDB DEFAULT CHARSET=utf8mb4 COLLATE=utf8mb4_general_ci;

--
-- Dumping data for table `recipe`
--

INSERT INTO `recipe` (`recipe_id`, `user_id`, `title`, `description`, `type_id`, `style_id`, `diet_id`, `prep_time`, `cook_time`, `video_url`, `img_file_path`, `alt_text`, `is_featured`, `created_at`, `updated_at`) VALUES
(1, 3, 'Classic Spaghetti Carbonara', 'A traditional Italian pasta dish made with eggs, cheese, pancetta, and black pepper.', 10, 2, 8, 1200, 1800, '', 'recipe_67da30d84c078', 'Classic Spaghetti Carbonara', 1, '2025-02-05 14:50:27', '2025-03-18 22:50:01'),
(2, 4, 'Breakfast Burrito', 'A hearty breakfast wrap filled with scrambled eggs, cheese, and fresh vegetables.', 1, 3, 7, 900, 600, '', 'recipe_67da2f8d45182', 'Breakfast Burrito', 0, '2025-02-05 14:50:27', '2025-03-18 22:44:30'),
(3, 5, 'Vegetarian Buddha Bowl', 'A nourishing bowl of grains, roasted vegetables, and protein-rich toppings.', 10, 11, 1, 1800, 2400, '', 'recipe_67da315bdd345', 'Vegetarian Buddha Bowl', 1, '2025-02-05 14:50:27', '2025-03-18 22:52:13'),
(4, 2, 'Mediterranean Quinoa Salad', 'A refreshing salad with quinoa, fresh vegetables, and Mediterranean flavors.', 9, 8, 1, 1200, 1800, '', 'recipe_67da2ec8a7c83', 'Mediterranean Quinoa Salad', 0, '2025-02-05 14:50:27', '2025-03-18 22:41:13'),
(5, 3, 'Spicy Thai Curry', 'A flavorful and aromatic curry with vegetables and tofu in coconut milk.', 10, 7, 1, 1500, 2400, '', 'recipe_67da30fa1978e', 'Spicy Thai Curry', 1, '2025-02-05 14:50:27', '2025-03-18 22:50:35'),
(6, 6, 'Mushroom Risotto', 'A creamy and flavorful risotto with mushrooms and parmesan.', 10, 2, 8, 1800, 2400, '', 'recipe_67da2e63610c3', 'Mushroom Risotto', 1, '2025-02-27 15:07:22', '2025-03-18 22:39:32'),
(7, 1, 'BBQ Pulled Pork Sandwich', 'Slow-cooked pulled pork with BBQ sauce served on a bun.', 15, 1, 12, 3600, 18000, '', 'recipe_67da304c5ea5a', 'BBQ Pulled Pork Sandwich', 0, '2025-02-27 15:07:37', '2025-03-18 22:47:52'),
(8, 2, 'Lemon Garlic Roasted Chicken', 'Juicy roasted chicken with lemon, garlic, and herbs.', 10, 9, 12, 1200, 5400, '', 'recipe_67da31765c13d', 'Lemon Garlic Roasted Chicken', 1, '2025-02-27 15:08:08', '2025-03-18 22:52:39'),
(9, 6, 'Vegetable Pad Thai', 'A delicious Thai stir-fried noodle dish with vegetables and peanuts.', 10, 7, 1, 1500, 2400, '', 'recipe_67da302a74969', 'Vegetable Pad Thai', 1, '2025-02-27 15:08:42', '2025-03-18 22:47:08'),
(10, 4, 'Classic Margherita Pizza', 'Traditional Neapolitan pizza with tomato, mozzarella, and basil.', 10, 2, 1, 2400, 900, '', 'recipe_67da2fe1791e6', 'Classic Margherita Pizza image', 1, '2025-02-27 15:09:02', '2025-03-18 22:45:55'),
(11, 4, 'Homemade Hummus', 'A smooth and creamy hummus made from chickpeas and tahini.', 9, 8, 1, 600, 0, '', 'recipe_67da2da59e99d', 'Homemade Hummus', 0, '2025-02-27 15:09:24', '2025-03-18 22:36:23'),
(12, 3, 'Spicy Black Bean Tacos', 'Delicious and spicy black bean tacos topped with fresh ingredients.', 10, 3, 1, 1200, 600, '', 'recipe_67da2d68b9a80', 'Spicy Black Bean Tacos', 1, '2025-02-27 15:10:03', '2025-03-18 22:35:22'),
(13, 5, 'Thai Green Curry', 'A fragrant and spicy Thai green curry with vegetables and tofu.', 10, 7, 2, 1800, 2400, '', 'recipe_67da247cd70b1.jpg', 'Thai Green Curry', 1, '2025-02-27 15:10:17', '2025-03-18 21:57:20'),
(14, 2, 'Blueberry Pancakes', 'Fluffy pancakes with fresh blueberries and maple syrup.', 1, 1, 12, 900, 1200, '', 'recipe_67da2f7a10375', 'Blueberry Pancakes', 0, '2025-02-27 15:10:17', '2025-03-18 22:44:11'),
(15, 3, 'Garlic Butter Shrimp', 'Juicy shrimp sautéed in a garlic butter sauce with lemon.', 10, 1, 9, 900, 600, '', 'recipe_67da2f5e549a0', 'Spicy Garlic Butter Shrimp', 1, '2025-02-27 15:10:49', '2025-03-18 22:43:43'),
(16, 5, 'Chocolate Chip Cookies', 'Classic soft and chewy chocolate chip cookies.', 5, 1, 12, 900, 1200, '', 'recipe_67da2fcd7da67', 'Chocolate Chip Cookies', 0, '2025-02-27 15:10:49', '2025-03-18 22:45:34'),
(84, 11, 'Sunrise Bacon', 'Make this delicious and crispy bacon in the oven with virtually zero clean up!', 1, 1, 8, 600, 1200, '', 'recipe_67da2f3fb7eee', 'Sunrise Bacon', 0, '2025-03-07 18:45:26', '2025-03-18 22:43:13'),
(85, 12, 'Hearty Weekend Stew', 'A hearty and healthy weekend stew.', 8, 1, 12, 1800, 12600, '', 'recipe_67da2f1d75b9c', 'Hearty Weekend Stew', 0, '2025-03-08 02:11:09', '2025-03-18 22:42:39'),
(86, 10, 'Keto Sausage Balls', 'Keto recipe for easy breakfast or snack', 1, 1, 5, 1800, 900, '', 'recipe_67da2faea945e', 'Keto Sausage Balls', 0, '2025-03-08 17:37:51', '2025-03-18 22:45:03'),
(87, 14, 'Knuckle Sandwich', 'Let\'s dish out some justice. ', 15, 1, 12, 300, 0, '', 'recipe_67da2f006099c', 'Knuckle Sandwich', 0, '2025-03-09 03:20:34', '2025-03-18 22:56:10'),
(88, 15, 'Black Bean Brownies', 'These are decadent and gluten-free fudgy brownies. These brownies are perfect for a less guilty dessert', 5, 1, 3, 600, 2700, '', 'recipe_67da2ee17782c', 'Black Bean Brownies', 0, '2025-03-09 05:10:46', '2025-03-18 22:41:39'),
(105, 8, 'Beef Stroganoff', 'A creamy Russian dish with sautéed beef, mushrooms, and sour cream sauce.', 10, 14, 12, 900, 1800, '', 'recipe_67da2d412b3eb', 'Beef Stroganoff', 0, '2025-03-17 18:28:57', '2025-03-18 22:34:42'),
(108, 4, 'Spicy Vegan Chili', 'A delicious and hearty plant-based chili with a spicy kick.', 2, 1, 2, 900, 3600, '', 'recipe_67da2e993bafb', 'Spicy Vegan Chili', 0, '2025-03-17 21:27:36', '2025-03-18 22:40:26'),
(109, 17, 'Savory Lentil Stew', 'A hearty and flavorful lentil stew packed with vegetables and spices.', 3, 2, 6, 1200, 5400, '', 'recipe_67da2d87ad95d', 'Savory Lentil Stew', 0, '2025-03-17 21:34:57', '2025-03-18 22:35:54'),
(111, 15, 'Garlic Butter Roasted Mushrooms', 'A rich and savory side dish featuring roasted mushrooms tossed in garlic butter and fresh herbs.', 5, 13, 6, 600, 1800, '', 'recipe_67da2d024b81b', 'Garlic Butter Roasted Mushrooms', 0, '2025-03-17 21:37:54', '2025-03-18 22:33:39'),
(112, 11, 'Spiced Chickpea and Spinach Stew', 'A hearty and aromatic stew made with chickpeas, spinach, and warm spices.', 9, 8, 10, 900, 2700, '', 'recipe_67da2cd5c7007', 'Spiced Chickpea and Spinach Stew recipe header', 0, '2025-03-17 21:39:48', '2025-03-18 22:32:54'),
(113, 24, 'Greek Lemon Garlic Roasted Potatoes', 'Crispy roasted potatoes infused with lemon, garlic, and oregano, a classic Greek side dish.', 4, 13, 1, 600, 3600, '', 'recipe_67da30130f9d0', 'Greek Lemon Garlic Roasted Potatoes', 0, '2025-03-17 21:41:12', '2025-03-18 22:46:44'),
(114, 14, 'Grilled Chicken Souvlaki', 'Juicy grilled chicken skewers marinated in olive oil, lemon, garlic, and oregano, a Greek classic.', 3, 13, 19, 900, 1800, '', 'recipe_67da2c6eeb73a', 'Grilled Chicken Souvlaki recipe header', 0, '2025-03-17 21:52:27', '2025-03-18 22:31:12'),
(115, 18, 'Refreshing Greek Frappe', 'A frothy, iced Greek coffee made with instant coffee, sugar, and milk or water, perfect for a hot day.', 7, 13, 12, 300, 0, '', 'recipe_67da2c86a673f', 'Refreshing Greek Frappe', 0, '2025-03-17 21:54:23', '2025-03-18 22:31:36'),
(116, 24, 'Ethiopian Spiced Tea', 'A warm and aromatic Ethiopian tea infused with cinnamon, cloves, and cardamom, perfect for relaxation.', 7, 12, 12, 300, 600, '', 'recipe_67da2cbd27a2e', 'Ethiopian Spiced Tea', 0, '2025-03-17 21:57:18', '2025-03-18 22:32:30'),
(117, 3, 'Chinese Scallion Pancakes', 'Crispy and savory Chinese scallion pancakes made with simple dough and fresh green onions.', 5, 4, 6, 900, 1200, '', 'recipe_67da2e77754fd', 'Chinese Scallion Pancakes', 0, '2025-03-17 21:59:29', '2025-03-18 22:39:53'),
(121, 4, 'Chilaquiles', 'A traditional Mexican breakfast dish made with crispy tortilla chips simmered in a flavorful salsa and topped with eggs and cheese.', 1, 3, 9, 900, 1200, '', 'recipe_67da2c3b23634', 'Chilaquiles', 0, '2025-03-17 22:06:52', '2025-03-18 22:30:21'),
(122, 18, 'Masala Chai', 'A traditional Indian spiced tea brewed with black tea, milk, and aromatic spices for a rich and comforting flavor.', 7, 5, 12, 300, 600, '', 'recipe_67da2c1ba473f', 'Masala Chai', 0, '2025-03-17 22:14:38', '2025-03-18 22:29:49'),
(123, 10, 'Mango Lassi', 'A creamy and refreshing Indian yogurt-based mango drink, perfect for cooling down on a hot day.', 7, 5, 12, 600, 0, '', 'recipe_67da2bf8f1d0c', 'Mango Lassi', 0, '2025-03-17 22:17:50', '2025-03-18 22:29:15'),
(124, 18, 'BBQ Spare Ribs', 'Tender and flavorful pork spare ribs slow-cooked in a smoky, tangy BBQ sauce.', 10, 1, 19, 900, 14400, '', 'recipe_67da2bd82fbe7', 'BBQ Spare Ribs', 0, '2025-03-17 22:19:07', '2025-03-18 22:28:43'),
(125, 19, 'Seaweed Salad', 'A light and refreshing Japanese seaweed salad with sesame dressing and a hint of citrus.', 9, 6, 2, 600, 0, '', 'recipe_67da2b4f8437a', 'Seaweed Salad', 0, '2025-03-17 22:21:34', '2025-03-18 22:26:25'),
(126, 10, 'Korean BBQ Short Ribs (Galbi)', 'Delicious and tender Korean-style marinated short ribs, grilled to perfection with a sweet and savory glaze.', 10, 10, 19, 900, 14400, '', 'recipe_67da2b1c82691', 'Korean BBQ Short Ribs (Galbi)', 0, '2025-03-17 22:25:04', '2025-03-18 22:25:33'),
(127, 7, 'Lamb Tikka Masala', 'A rich and flavorful Indian dish featuring marinated lamb cooked in a spiced tomato and cream-based sauce.', 9, 9, 5, 900, 3600, '', 'recipe_67da2adae930b', 'Lamb Tikka Masala', 0, '2025-03-17 22:26:57', '2025-03-18 22:24:28'),
(129, 15, 'Jalapeno Garlic Naan', 'A soft and fluffy Indian naan infused with garlic and jalapeno for a spicy kick, perfect as a side or snack.', 3, 5, 10, 900, 1200, '', 'recipe_67da2aafc3cdc', 'Jalapeno Garlic Naan', 0, '2025-03-17 22:30:44', '2025-03-18 22:23:45'),
(130, 1, 'Chinese Dim Sum Dumplings', 'Delicate and flavorful Chinese dim sum dumplings filled with seasoned pork and shrimp, wrapped in thin dumpling wrappers and steamed to perfection.', 8, 2, 1, 1800, 1200, '', 'recipe_67da2a8718737', 'Chinese Dim Sum Dumplings', 0, '2025-03-17 22:33:23', '2025-03-18 22:23:04'),
(131, 11, 'Ceviche', 'A vibrant and refreshing Spanish-style ceviche with fresh seafood, citrus marinade, and a hint of spice.', 4, 15, 9, 900, 0, '', 'recipe_67da2bbfa9ee7', 'Ceviche', 0, '2025-03-17 22:48:42', '2025-03-18 22:28:17'),
(132, 22, 'Kosher Matzo Ball Soup', 'A comforting and traditional Jewish soup featuring fluffy matzo balls in a rich, flavorful chicken broth.', 8, 8, 22, 1800, 3600, '', 'recipe_67da2ba4cbcc7', 'Kosher Matzo Ball Soup', 0, '2025-03-17 22:49:52', '2025-03-18 22:27:50'),
(133, 14, 'Brazilian Picanha Steak', 'A traditional Brazilian-style grilled picanha steak, seasoned simply with rock salt and grilled to perfection over open flames.', 9, 7, 2, 600, 1800, '', 'recipe_67da2a08b1517', 'Brazilian Picanha Steak', 0, '2025-03-17 22:52:34', '2025-03-18 22:20:58'),
(134, 5, 'Blueberry Cheesecake', 'A creamy and rich cheesecake topped with a luscious blueberry sauce, baked to perfection.', 5, 13, 12, 1800, 3600, '', 'recipe_67da29601e820', 'Blueberry Cheesecake', 0, '2025-03-17 22:56:20', '2025-03-18 22:18:09'),
(135, 28, 'Caipirinha', 'A refreshing and tangy Brazilian cocktail made with cachaça, lime, and sugar, served over crushed ice.', 13, 16, 4, 300, 0, '', 'recipe_67da29200f063', 'Caipirinha', 0, '2025-03-17 22:58:05', '2025-03-18 22:17:05'),
(136, 8, 'Mexican Horchata', 'A creamy and refreshing traditional Mexican rice-based drink flavored with cinnamon and vanilla.', 7, 3, 8, 600, 0, '', 'recipe_67da28d3dc6ee', 'Mexican Horchata', 0, '2025-03-17 23:00:07', '2025-03-18 22:15:49'),
(138, 25, 'Cuban Sandwich', 'A delicious and crispy Cuban sandwich filled with roast pork, ham, Swiss cheese, pickles, and mustard, pressed to perfection.', 15, 18, 12, 600, 900, '', 'recipe_67da287a8504e', 'Cuban Sandwich', 0, '2025-03-17 23:03:50', '2025-03-18 22:14:19'),
(139, 22, 'Ropa Vieja', 'A traditional Cuban dish featuring shredded beef stewed in a savory tomato-based sauce with bell peppers and onions.', 10, 18, 12, 1200, 7200, '', 'recipe_67da24ce367ec.jpg', 'Ropa Vieja', 0, '2025-03-18 00:32:07', '2025-03-18 21:58:43'),
(140, 15, 'Osso Buco', 'A classic Italian dish of braised veal shanks slow-cooked in a rich tomato and wine sauce, served with gremolata.', 9, 7, 9, 1200, 10800, '', 'recipe_67da2a66a7f81', 'Osso Buco recipe header', 0, '2025-03-18 00:32:56', '2025-03-18 22:22:32');

-- --------------------------------------------------------

--
-- Table structure for table `recipe_comment`
--

CREATE TABLE `recipe_comment` (
  `comment_id` int UNSIGNED NOT NULL,
  `recipe_id` int UNSIGNED NOT NULL,
  `user_id` int UNSIGNED NOT NULL,
  `comment_text` text CHARACTER SET utf8mb4 COLLATE utf8mb4_general_ci NOT NULL,
  `created_at` timestamp NOT NULL DEFAULT CURRENT_TIMESTAMP
) ENGINE=InnoDB DEFAULT CHARSET=utf8mb4 COLLATE=utf8mb4_general_ci;

--
-- Dumping data for table `recipe_comment`
--

INSERT INTO `recipe_comment` (`comment_id`, `recipe_id`, `user_id`, `comment_text`, `created_at`) VALUES
(1, 1, 5, 'This carbonara is absolutely amazing! The sauce was perfectly creamy and the pancetta adds such a wonderful flavor.', '2024-01-15 23:30:00'),
(2, 3, 3, 'Love how customizable this bowl is. I added some extra roasted chickpeas for protein and it was delicious!', '2024-01-20 17:15:00'),
(4, 5, 2, 'Great balance of spices! I added a bit more coconut milk to make it creamier.', '2024-01-29 00:20:00'),
(5, 1, 3, 'Made this for my family and they loved it! The step-by-step instructions were very helpful.', '2024-01-31 01:00:00'),
(6, 15, 5, 'Absolutely delicious! The garlic butter sauce is perfect.', '2025-02-27 15:11:10'),
(7, 15, 6, 'Very easy to make, and the shrimp turned out juicy and flavorful.', '2025-02-27 15:11:10'),
(8, 16, 2, 'These cookies are amazing! Soft, chewy, and full of chocolate.', '2025-02-27 15:11:10'),
(9, 16, 1, 'Best homemade cookies I’ve ever had! Perfect with a glass of milk.', '2025-02-27 15:11:10'),
(10, 13, 5, 'Incredibly fragrant and flavorful! Loved the balance of spice and coconut.', '2025-02-27 15:11:10'),
(11, 13, 2, 'A great vegetarian option! Tofu soaks up the sauce beautifully.', '2025-02-27 15:11:10'),
(12, 14, 6, 'So fluffy and delicious! The blueberries make them extra special.', '2025-02-27 15:11:10'),
(13, 14, 1, 'Great recipe! I added a little vanilla and it was perfect.', '2025-02-27 15:11:10'),
(14, 6, 6, 'This risotto is incredibly creamy and full of flavor!', '2025-02-27 15:11:24'),
(15, 6, 6, 'Tasted just like a restaurant-style risotto. Loved it!', '2025-02-27 15:11:24'),
(17, 7, 3, 'Easiest BBQ recipe ever, and my whole family loved it.', '2025-02-27 15:11:24'),
(18, 8, 2, 'Juicy and flavorful! The lemon and garlic combo is perfect.', '2025-02-27 15:11:24'),
(19, 8, 5, 'Turned out absolutely amazing! I’ll be making this again.', '2025-02-27 15:11:24'),
(21, 9, 5, 'The sauce is so good! I added extra peanuts for crunch.', '2025-02-27 15:11:24'),
(22, 10, 6, 'Authentic Italian taste! Simple but delicious.', '2025-02-27 15:11:24'),
(23, 10, 3, 'The fresh basil really makes a difference! Loved it.', '2025-02-27 15:11:24'),
(24, 11, 3, 'Creamy and so much better than store-bought!', '2025-02-27 15:11:24'),
(25, 11, 3, 'Super easy and delicious. Perfect with pita bread!', '2025-02-27 15:11:24'),
(27, 7, 6, 'Bad', '2025-03-01 15:33:13'),
(28, 68, 6, 'ok', '2025-03-05 20:19:56'),
(29, 69, 6, 'ok', '2025-03-05 21:07:15'),
(33, 64, 6, 'ok', '2025-03-06 23:13:48'),
(34, 15, 11, 'So super delicious!', '2025-03-07 16:34:50'),
(36, 13, 12, 'This meal was fantastic.', '2025-03-07 22:55:07'),
(37, 85, 12, 'I\'m a fan. Easy. Feeds me four times. Taste amazing.', '2025-03-08 00:13:59'),
(38, 15, 10, 'Quick,easy,delicious', '2025-03-08 15:01:39'),
(39, 87, 14, 'How\'s about a knuckle sandwich?!', '2025-03-09 01:23:12'),
(40, 88, 15, 'Legit recipe', '2025-03-09 03:21:50'),
(41, 90, 3, 'Absolutely loved the Moroccan Chickpea Stew! The flavors were perfectly balanced.', '2025-03-17 18:16:40'),
(42, 91, 4, 'Tried the Korean Beef Bulgogi and it was delicious. Great recipe!', '2025-03-17 18:16:40'),
(43, 92, 5, 'Mediterranean Stuffed Peppers turned out amazing. Will make again!', '2025-03-17 18:16:40'),
(44, 93, 8, 'The Cajun Blackened Salmon had the perfect spice level. So good!', '2025-03-17 18:16:40'),
(45, 94, 3, 'Brazilian Moqueca was rich and creamy. Loved the coconut flavor.', '2025-03-17 18:16:40'),
(46, 95, 8, 'The Ethiopian Misir Wat had just the right amount of spice. Perfect comfort food.', '2025-03-17 18:16:40'),
(47, 96, 3, 'First time making Okonomiyaki and it was a success! Thanks for the recipe.', '2025-03-17 18:16:40'),
(48, 97, 4, 'Moroccan Chickpea Tagine was a hit! The spices made it really authentic.', '2025-03-17 18:16:40'),
(49, 98, 3, 'Eggplant Parmesan came out great. Super crispy and flavorful!', '2025-03-17 18:16:40'),
(50, 99, 4, 'Moussaka was a bit time-consuming but worth it. Tasted just like a restaurant.', '2025-03-17 18:16:40'),
(51, 100, 8, 'Spanakopita was crispy and packed with flavor. Great traditional recipe!', '2025-03-17 18:16:40'),
(52, 101, 8, 'Greek Fasolada was hearty and filling. Perfect for a cold night.', '2025-03-17 18:16:40'),
(53, 102, 8, 'The gyro meat was well-seasoned and the tzatziki sauce was spot on!', '2025-03-17 18:16:40'),
(54, 103, 3, 'Sauerbraten had such a rich, tangy flavor. Loved the slow-cooked taste.', '2025-03-17 18:16:40'),
(55, 104, 8, 'Jägerschnitzel was easy to make and the mushroom sauce was amazing.', '2025-03-17 18:16:40'),
(56, 105, 6, 'Perfectly seasoned! Reminds me of my trip to Stockholm.', '2025-03-17 18:19:20'),
(57, 106, 7, 'Great flavor but a bit too rich for my taste. Still delicious!', '2025-03-17 18:19:20'),
(58, 107, 9, 'I was hoping for more spice, but overall a decent dish.', '2025-03-17 18:19:20'),
(59, 108, 10, 'Absolutely loved it! The veggies were cooked to perfection.', '2025-03-17 18:19:20'),
(60, 109, 11, 'Tastes authentic! Just like the pho I had in Ho Chi Minh City.', '2025-03-17 18:19:20'),
(61, 110, 12, 'The cheese filling was spot on! I will make this again.', '2025-03-17 18:19:20'),
(62, 111, 13, 'I wanted more seafood variety, but the saffron flavor was amazing.', '2025-03-17 18:19:20'),
(63, 112, 14, 'A hearty dish with complex flavors. Took a while to cook but worth it.', '2025-03-17 18:19:20'),
(64, 113, 15, 'Smoky, spicy, and flavorful. Just like in Jamaica!', '2025-03-17 18:19:20'),
(65, 114, 16, 'Too heavy on the sour cream for me, but still comforting.', '2025-03-17 18:19:20'),
(66, 1, 5, 'This carbonara is absolutely amazing! The sauce was perfectly creamy and the pancetta adds such a wonderful flavor.', '2025-03-18 01:03:53'),
(67, 3, 3, 'Love how customizable this bowl is. I added some extra roasted chickpeas for protein and it was delicious!', '2025-03-18 01:03:53'),
(69, 5, 2, 'Great balance of spices! I added a bit more coconut milk to make it creamier.', '2025-03-18 01:03:53'),
(70, 1, 3, 'Made this for my family and they loved it! The step-by-step instructions were very helpful.', '2025-03-18 01:03:53'),
(71, 6, 6, 'This risotto is incredibly creamy and full of flavor!', '2025-03-18 01:03:53'),
(72, 7, 1, 'Easiest BBQ recipe ever, and my whole family loved it.', '2025-03-18 01:03:53'),
(73, 8, 2, 'Juicy and flavorful! The lemon and garlic combo is perfect.', '2025-03-18 01:03:53'),
(75, 10, 3, 'Authentic Italian taste! Simple but delicious.', '2025-03-18 01:03:53'),
(76, 11, 3, 'Creamy and so much better than store-bought!', '2025-03-18 01:03:53'),
(77, 15, 3, 'Absolutely delicious! The garlic butter sauce is perfect.', '2025-03-18 01:03:53'),
(78, 16, 5, 'These cookies are amazing! Soft, chewy, and full of chocolate.', '2025-03-18 01:03:53'),
(79, 84, 11, 'Crispy and delicious, exactly how bacon should be!', '2025-03-18 01:03:53'),
(80, 85, 12, 'A hearty and healthy stew that lasts me for days.', '2025-03-18 01:03:53'),
(81, 86, 10, 'Great for breakfast! Will definitely make this again.', '2025-03-18 01:03:53'),
(82, 88, 15, 'Legit recipe, these brownies are so fudgy!', '2025-03-18 01:03:53'),
(83, 103, 3, 'Sauerbraten had such a rich, tangy flavor. Loved the slow-cooked taste.', '2025-03-18 01:03:53'),
(84, 105, 8, 'Beef Stroganoff was perfectly seasoned!', '2025-03-18 01:03:53'),
(85, 110, 21, 'Good side dish but a bit too buttery for my taste.', '2025-03-18 01:03:53'),
(86, 111, 15, 'Rich and savory, love the mushroom flavors.', '2025-03-18 01:03:53'),
(87, 113, 24, 'The potatoes were crispy on the outside and soft inside. Perfect!', '2025-03-18 01:03:53'),
(88, 115, 18, 'Refreshing but a little too strong for me.', '2025-03-18 01:03:53'),
(89, 116, 24, 'Loved the spices in this Ethiopian tea, very relaxing.', '2025-03-18 01:03:53'),
(90, 121, 4, 'The chilaquiles turned out amazing! Perfect texture and flavor.', '2025-03-18 01:03:53'),
(91, 124, 18, 'BBQ Spare Ribs were tender and flavorful. Best I have made.', '2025-03-18 01:03:53'),
(92, 125, 19, 'Light and fresh, but I prefer a stronger dressing.', '2025-03-18 01:03:53'),
(93, 127, 7, 'Nice spice balance, but could use more heat.', '2025-03-18 01:03:53'),
(94, 129, 15, 'Jalapeno Garlic Naan was perfect with curry.', '2025-03-18 01:03:53'),
(95, 131, 11, 'Seafood was so fresh! Loved the citrus marinade.', '2025-03-18 01:03:53'),
(96, 132, 22, 'A classic soup done right. So comforting!', '2025-03-18 01:03:53'),
(97, 133, 14, 'Picanha steak was juicy and full of flavor.', '2025-03-18 01:03:53'),
(98, 135, 28, 'Caipirinha was refreshing, but a little too sweet for me.', '2025-03-18 01:03:53'),
(99, 136, 8, 'Horchata was creamy and flavorful, just like in Mexico.', '2025-03-18 01:03:53');

-- --------------------------------------------------------

--
-- Table structure for table `recipe_diet`
--

CREATE TABLE `recipe_diet` (
  `diet_id` int NOT NULL,
  `name` varchar(50) CHARACTER SET utf8mb4 COLLATE utf8mb4_general_ci NOT NULL
) ENGINE=InnoDB DEFAULT CHARSET=utf8mb4 COLLATE=utf8mb4_general_ci;

--
-- Dumping data for table `recipe_diet`
--

INSERT INTO `recipe_diet` (`diet_id`, `name`) VALUES
(19, 'Carnivore'),
(4, 'Dairy-Free'),
(3, 'Gluten-Free'),
(10, 'Halal'),
(20, 'High-Protein'),
(5, 'Keto'),
(22, 'Kosher'),
(7, 'Low-Carb'),
(8, 'Low-Fat'),
(12, 'Non-Specific'),
(6, 'Paleo'),
(9, 'Pescatarian'),
(2, 'Vegan'),
(1, 'Vegetarian');

-- --------------------------------------------------------

--
-- Table structure for table `recipe_ingredient`
--

CREATE TABLE `recipe_ingredient` (
  `recipe_ingredient_id` int UNSIGNED NOT NULL,
  `recipe_id` int UNSIGNED NOT NULL,
  `ingredient_id` int UNSIGNED NOT NULL,
  `measurement_id` int UNSIGNED NOT NULL,
  `quantity` decimal(10,2) UNSIGNED NOT NULL
) ENGINE=InnoDB DEFAULT CHARSET=utf8mb4 COLLATE=utf8mb4_general_ci;

--
-- Dumping data for table `recipe_ingredient`
--

INSERT INTO `recipe_ingredient` (`recipe_ingredient_id`, `recipe_id`, `ingredient_id`, `measurement_id`, `quantity`) VALUES
(119, 28, 153, 1, 1.00),
(120, 29, 153, 1, 1.00),
(121, 30, 153, 1, 1.00),
(122, 30, 154, 2, 2.00),
(123, 31, 153, 1, 1.00),
(124, 31, 154, 2, 2.00),
(125, 32, 153, 1, 1.00),
(126, 32, 154, 2, 2.00),
(127, 33, 153, 1, 1.00),
(128, 33, 154, 2, 2.00),
(129, 34, 153, 1, 1.00),
(130, 34, 154, 2, 2.00),
(131, 35, 153, 1, 1.00),
(132, 35, 154, 2, 2.00),
(133, 36, 153, 1, 1.00),
(134, 36, 154, 2, 2.00),
(135, 38, 153, 1, 1.00),
(136, 38, 154, 2, 2.00),
(137, 39, 153, 1, 1.00),
(138, 39, 154, 2, 2.00),
(139, 40, 153, 1, 1.00),
(140, 40, 154, 2, 2.00),
(141, 41, 153, 1, 1.00),
(142, 41, 154, 2, 2.00),
(143, 42, 153, 1, 1.00),
(144, 42, 154, 2, 2.00),
(145, 43, 153, 1, 1.00),
(146, 43, 154, 2, 2.00),
(147, 44, 153, 1, 1.00),
(148, 44, 154, 2, 2.00),
(149, 44, 157, 3, 3.00),
(153, 45, 153, 1, 1.00),
(154, 45, 154, 2, 2.00),
(155, 45, 157, 3, 3.00),
(159, 46, 153, 1, 1.00),
(160, 46, 154, 2, 2.00),
(161, 46, 157, 3, 3.00),
(162, 56, 153, 1, 2.00),
(163, 56, 154, 2, 3.00),
(164, 57, 153, 1, 2.00),
(165, 57, 154, 3, 1.50),
(166, 57, 157, 2, 0.50),
(191, 66, 17, 4, 1.00),
(192, 66, 144, 1, 1.00),
(193, 66, 76, 7, 1.00),
(194, 67, 17, 2, 1.00),
(195, 67, 2, 2, 1.00),
(196, 67, 9, 2, 1.00),
(203, 79, 77, 7, 1.00),
(204, 79, 158, 3, 1.00),
(205, 79, 76, 4, 1.00),
(206, 80, 159, 3, 1.00),
(207, 80, 160, 8, 1.00),
(208, 80, 161, 9, 1.00),
(209, 81, 17, 7, 1.00),
(210, 81, 162, 2, 1.00),
(211, 81, 163, 7, 1.00),
(212, 68, 17, 9, 1.00),
(213, 68, 144, 9, 1.00),
(214, 68, 76, 9, 1.00),
(218, 82, 17, 2, 1.00),
(219, 82, 76, 2, 1.00),
(220, 82, 164, 3, 1.00),
(221, 69, 17, 9, 1.00),
(222, 69, 144, 1, 1.00),
(223, 69, 76, 9, 1.00),
(248, 64, 165, 7, 1.00),
(249, 64, 166, 4, 3.00),
(250, 64, 167, 6, 7.00),
(251, 83, 168, 3, 1.00),
(252, 83, 169, 5, 1.00),
(253, 83, 170, 8, 1.00),
(392, 89, 201, 1, 2.00),
(393, 89, 202, 3, 1.00),
(394, 89, 203, 1, 0.50),
(395, 89, 204, 1, 2.00),
(396, 89, 205, 1, 3.00),
(397, 89, 206, 1, 1.00),
(398, 89, 207, 2, 1.00),
(399, 89, 208, 2, 1.00),
(400, 89, 209, 2, 0.50),
(401, 89, 210, 1, 4.00),
(402, 89, 211, 1, 1.00),
(403, 89, 212, 2, 1.00),
(404, 89, 213, 2, 1.00),
(405, 90, 200, 1, 2.00),
(406, 90, 201, 3, 1.00),
(407, 90, 202, 1, 0.50),
(408, 90, 203, 1, 2.00),
(409, 90, 204, 1, 3.00),
(410, 90, 205, 1, 1.00),
(411, 90, 206, 2, 1.00),
(412, 90, 207, 2, 1.00),
(413, 90, 208, 2, 0.50),
(414, 90, 209, 1, 4.00),
(415, 90, 210, 1, 1.00),
(416, 90, 211, 2, 1.00),
(417, 90, 212, 2, 1.00),
(418, 91, 213, 7, 1.00),
(419, 91, 214, 1, 0.25),
(420, 91, 215, 1, 2.00),
(421, 91, 216, 2, 3.00),
(422, 91, 217, 1, 1.00),
(423, 91, 218, 2, 1.00),
(424, 91, 219, 1, 0.50),
(425, 91, 220, 3, 1.00),
(426, 91, 221, 2, 0.50),
(427, 91, 222, 1, 2.00),
(428, 91, 223, 1, 1.00),
(429, 92, 224, 1, 4.00),
(430, 92, 225, 1, 1.00),
(431, 92, 226, 1, 1.00),
(432, 92, 227, 1, 0.50),
(433, 92, 228, 1, 0.75),
(434, 92, 229, 2, 2.00),
(435, 92, 230, 3, 2.00),
(436, 92, 231, 1, 0.25),
(437, 92, 232, 2, 1.00),
(438, 92, 233, 2, 0.50),
(439, 92, 234, 3, 2.00),
(440, 93, 235, 1, 4.00),
(441, 93, 236, 2, 2.00),
(442, 93, 237, 2, 3.00),
(443, 93, 238, 1, 0.50),
(444, 93, 239, 3, 2.00),
(445, 93, 240, 1, 0.25),
(446, 93, 241, 1, 1.00),
(447, 93, 242, 2, 1.00),
(448, 93, 243, 2, 0.50),
(449, 94, 244, 7, 1.00),
(450, 94, 245, 1, 0.25),
(451, 94, 246, 2, 3.00),
(452, 94, 247, 2, 1.00),
(453, 94, 248, 2, 0.50),
(454, 94, 249, 3, 2.00),
(455, 94, 250, 1, 1.00),
(456, 94, 251, 1, 2.00),
(457, 94, 252, 1, 3.00),
(458, 94, 253, 1, 1.00),
(459, 94, 254, 2, 1.00),
(460, 94, 255, 2, 0.50),
(461, 94, 256, 3, 2.00),
(462, 94, 257, 1, 2.00),
(463, 95, 258, 1, 1.50),
(464, 95, 259, 3, 2.00),
(465, 95, 260, 1, 1.00),
(466, 95, 261, 2, 3.00),
(467, 95, 262, 2, 1.00),
(468, 95, 263, 3, 2.00),
(469, 95, 264, 2, 1.50),
(470, 95, 265, 2, 1.00),
(471, 95, 266, 2, 1.00),
(472, 95, 267, 2, 1.00),
(473, 95, 268, 2, 0.50),
(474, 95, 269, 1, 3.00),
(475, 95, 270, 1, 1.00),
(476, 95, 271, 3, 2.00),
(477, 95, 272, 1, 0.50),
(478, 95, 273, 3, 2.00),
(479, 95, 274, 1, 2.00),
(480, 96, 275, 1, 1.00),
(481, 96, 276, 1, 2.00),
(482, 96, 277, 1, 0.75),
(483, 96, 278, 1, 2.00),
(484, 96, 279, 3, 2.00),
(485, 96, 280, 6, 4.00),
(486, 96, 281, 3, 2.00),
(487, 96, 282, 3, 2.00),
(488, 96, 283, 3, 1.00),
(489, 96, 284, 3, 1.00),
(490, 96, 285, 2, 0.50),
(491, 96, 286, 3, 1.00),
(492, 97, 287, 3, 2.00),
(493, 97, 288, 1, 1.00),
(494, 97, 289, 3, 2.00),
(495, 97, 290, 1, 2.00),
(496, 97, 291, 1, 2.00),
(497, 97, 292, 1, 1.00),
(498, 97, 293, 1, 2.00),
(499, 97, 294, 3, 2.00),
(500, 97, 295, 2, 1.00),
(501, 97, 296, 2, 0.50),
(502, 97, 297, 2, 1.00),
(503, 97, 298, 2, 1.00),
(504, 97, 299, 2, 1.00),
(505, 97, 300, 2, 0.50),
(506, 97, 301, 2, 1.00),
(507, 97, 302, 2, 0.50),
(508, 97, 303, 3, 1.00),
(509, 97, 304, 3, 2.00),
(510, 97, 305, 3, 2.00),
(511, 97, 306, 1, 2.00),
(512, 98, 307, 1, 2.00),
(513, 98, 308, 2, 2.00),
(514, 98, 309, 2, 1.00),
(515, 98, 310, 1, 1.00),
(516, 98, 311, 1, 3.00),
(517, 98, 312, 1, 2.00),
(518, 98, 313, 1, 1.50),
(519, 98, 314, 1, 2.00),
(520, 98, 315, 3, 4.00),
(521, 98, 316, 1, 2.00),
(522, 98, 317, 3, 2.00),
(523, 98, 318, 2, 1.00),
(524, 98, 319, 1, 0.50),
(525, 98, 320, 2, 0.50),
(526, 99, 321, 1, 3.00),
(527, 99, 322, 3, 6.00),
(528, 99, 323, 2, 2.00),
(529, 99, 324, 2, 1.00),
(530, 99, 325, 7, 1.50),
(531, 99, 326, 1, 1.00),
(532, 99, 327, 3, 2.00),
(533, 99, 328, 2, 0.50),
(534, 99, 329, 3, 2.00),
(535, 99, 330, 1, 1.50),
(536, 99, 331, 1, 0.50),
(537, 99, 332, 2, 1.00),
(538, 99, 333, 1, 2.00),
(539, 99, 334, 3, 4.00),
(540, 99, 335, 1, 4.00),
(541, 99, 336, 1, 2.00),
(542, 99, 337, 1, 2.00),
(543, 99, 338, 2, 0.25),
(544, 99, 339, 1, 0.50),
(545, 100, 340, 1, 5.00),
(546, 100, 341, 3, 3.00),
(547, 100, 342, 1, 1.00),
(548, 100, 343, 1, 3.00),
(549, 100, 344, 3, 2.00),
(550, 100, 345, 1, 1.50),
(551, 100, 346, 1, 0.50),
(552, 100, 347, 1, 2.00),
(553, 100, 348, 3, 2.00),
(554, 100, 349, 2, 1.00),
(555, 100, 350, 2, 0.50),
(556, 100, 351, 13, 1.00),
(557, 100, 352, 3, 4.00),
(558, 100, 353, 3, 1.00),
(559, 101, 354, 1, 2.00),
(560, 101, 355, 3, 4.00),
(561, 101, 356, 1, 2.00),
(562, 101, 357, 1, 2.00),
(563, 101, 358, 1, 1.00),
(564, 101, 359, 3, 3.00),
(565, 101, 360, 3, 2.00),
(566, 101, 361, 1, 1.00),
(567, 101, 362, 10, 6.00),
(568, 101, 363, 1, 2.00),
(569, 101, 364, 2, 1.00),
(570, 101, 365, 2, 1.50),
(571, 101, 366, 2, 1.00),
(572, 101, 367, 2, 0.50),
(573, 101, 368, 3, 2.00),
(574, 101, 369, 3, 2.00),
(575, 102, 370, 7, 1.00),
(576, 102, 371, 7, 0.50),
(577, 102, 372, 1, 1.00),
(578, 102, 373, 3, 3.00),
(579, 102, 374, 2, 2.00),
(580, 102, 375, 2, 1.00),
(581, 102, 376, 2, 1.00),
(582, 102, 377, 2, 1.00),
(583, 102, 378, 2, 1.50),
(584, 102, 379, 2, 1.00),
(585, 102, 380, 3, 2.00),
(586, 102, 381, 1, 4.00),
(587, 102, 382, 1, 2.00),
(588, 102, 383, 1, 0.50),
(589, 102, 384, 1, 1.00),
(590, 102, 385, 1, 0.50),
(591, 102, 386, 1, 1.00),
(592, 103, 387, 7, 3.00),
(593, 103, 388, 10, 2.00),
(594, 103, 389, 10, 2.00),
(595, 103, 390, 10, 1.00),
(596, 103, 391, 1, 1.00),
(597, 103, 392, 1, 1.00),
(598, 103, 393, 1, 1.00),
(599, 103, 394, 3, 2.00),
(600, 103, 395, 3, 4.00),
(601, 103, 396, 3, 6.00),
(602, 103, 397, 3, 4.00),
(603, 103, 398, 2, 1.50),
(604, 103, 399, 2, 1.00),
(605, 103, 400, 3, 1.00),
(606, 103, 401, 3, 2.00),
(607, 103, 402, 1, 0.50),
(608, 103, 403, 1, 0.25),
(609, 103, 404, 3, 3.00),
(610, 104, 405, 7, 4.00),
(611, 104, 406, 2, 1.00),
(612, 104, 407, 2, 1.00),
(613, 104, 408, 1, 1.00),
(614, 104, 409, 1, 2.00),
(615, 104, 410, 1, 1.50),
(616, 104, 411, 3, 3.00),
(617, 104, 412, 3, 2.00),
(618, 104, 413, 1, 2.00),
(619, 104, 414, 1, 1.00),
(620, 104, 415, 2, 2.00),
(621, 104, 416, 10, 1.00),
(622, 104, 417, 10, 0.50),
(623, 104, 418, 2, 0.50),
(624, 104, 419, 3, 2.00),
(668, 106, 433, 1, 1.50),
(669, 106, 434, 1, 1.00),
(670, 106, 21, 3, 2.00),
(671, 106, 436, 2, 1.00),
(672, 106, 265, 2, 1.00),
(673, 106, 266, 2, 1.00),
(674, 106, 439, 2, 0.50),
(675, 106, 6, 2, 1.00),
(676, 106, 5, 2, 0.50),
(677, 106, 229, 3, 2.00),
(678, 106, 218, 3, 1.00),
(679, 106, 76, 3, 3.00),
(680, 106, 358, 1, 1.00),
(681, 106, 446, 1, 2.00),
(682, 106, 417, 1, 1.00),
(683, 106, 448, 3, 2.00),
(684, 106, 449, 1, 2.00),
(1367, 13, 36, 1, 1.50),
(1368, 13, 117, 3, 2.00),
(1369, 13, 38, 1, 1.00),
(1370, 13, 39, 1, 1.00),
(1371, 139, 495, 7, 2.00),
(1372, 139, 496, 16, 1.00),
(1373, 139, 54, 16, 1.00),
(1374, 139, 53, 17, 3.00),
(1375, 139, 90, 1, 1.50),
(1376, 139, 497, 3, 2.00),
(1377, 139, 101, 2, 1.00),
(1386, 138, 490, 16, 1.00),
(1387, 138, 491, 6, 4.00),
(1388, 138, 492, 6, 2.00),
(1389, 138, 493, 18, 2.00),
(1390, 138, 61, 18, 4.00),
(1391, 138, 494, 3, 1.00),
(1392, 138, 76, 3, 2.00),
(1393, 136, 488, 1, 1.00),
(1394, 136, 489, 16, 1.00),
(1395, 136, 131, 3, 3.00),
(1396, 136, 149, 2, 1.00),
(1397, 136, 129, 1, 1.50),
(1398, 136, 103, 1, 4.00),
(1399, 135, 486, 6, 2.00),
(1400, 135, 85, 16, 1.00),
(1401, 135, 131, 3, 2.00),
(1402, 135, 487, 1, 1.00),
(1403, 134, 484, 1, 2.00),
(1404, 134, 131, 1, 1.00),
(1405, 134, 2, 16, 3.00),
(1406, 134, 485, 1, 1.50),
(1407, 134, 76, 3, 4.00),
(1408, 134, 133, 1, 1.50),
(1409, 134, 149, 2, 1.00),
(1410, 133, 482, 7, 2.00),
(1411, 133, 483, 3, 1.00),
(1412, 133, 22, 3, 2.00),
(1413, 140, 498, 7, 2.00),
(1414, 140, 54, 16, 1.00),
(1415, 140, 481, 16, 1.00),
(1416, 140, 452, 16, 1.00),
(1417, 140, 53, 17, 3.00),
(1418, 140, 205, 3, 2.00),
(1419, 140, 499, 1, 1.00),
(1420, 140, 500, 1, 2.00),
(1421, 130, 476, 7, 0.50),
(1422, 130, 136, 7, 0.50),
(1423, 130, 53, 17, 2.00),
(1424, 130, 464, 2, 1.00),
(1425, 130, 43, 3, 2.00),
(1426, 130, 477, 16, 12.00),
(1427, 129, 127, 1, 2.50),
(1428, 129, 475, 2, 1.00),
(1429, 129, 129, 1, 0.50),
(1430, 129, 53, 17, 3.00),
(1431, 129, 110, 16, 1.00),
(1432, 129, 76, 3, 2.00),
(1433, 127, 474, 7, 1.50),
(1434, 127, 466, 1, 0.50),
(1435, 127, 446, 1, 1.00),
(1436, 127, 417, 1, 0.50),
(1437, 127, 53, 2, 2.00),
(1438, 127, 464, 2, 1.00),
(1439, 127, 436, 3, 1.00),
(1440, 126, 471, 7, 2.00),
(1441, 126, 43, 1, 0.50),
(1442, 126, 44, 3, 3.00),
(1443, 126, 53, 2, 2.00),
(1444, 126, 88, 3, 1.00),
(1445, 126, 472, 3, 2.00),
(1446, 126, 473, 1, 0.50),
(1447, 125, 469, 1, 1.50),
(1448, 125, 88, 3, 1.00),
(1449, 125, 43, 3, 1.00),
(1450, 125, 470, 3, 1.00),
(1451, 125, 131, 2, 1.00),
(1452, 125, 220, 2, 1.00),
(1453, 125, 21, 3, 0.50),
(1454, 132, 479, 1, 1.00),
(1455, 132, 2, 16, 2.00),
(1456, 132, 480, 1, 4.00),
(1457, 132, 481, 16, 1.00),
(1458, 132, 452, 16, 1.00),
(1459, 132, 6, 2, 1.00),
(1460, 132, 14, 2, 0.50),
(1461, 131, 478, 7, 1.00),
(1462, 131, 45, 1, 0.50),
(1463, 131, 21, 1, 0.25),
(1464, 131, 28, 16, 1.00),
(1465, 131, 111, 16, 1.00),
(1466, 131, 107, 3, 2.00),
(1467, 131, 110, 16, 1.00),
(1468, 124, 468, 7, 3.00),
(1469, 124, 58, 1, 1.50),
(1470, 124, 62, 2, 1.00),
(1471, 124, 63, 2, 1.00),
(1472, 124, 6, 2, 1.00),
(1473, 124, 5, 2, 1.00),
(1474, 123, 465, 1, 1.50),
(1475, 123, 466, 1, 1.00),
(1476, 123, 129, 1, 0.50),
(1477, 123, 467, 3, 1.00),
(1478, 123, 459, 2, 0.50),
(1479, 122, 457, 3, 2.00),
(1480, 122, 129, 1, 1.00),
(1481, 122, 103, 1, 1.00),
(1482, 122, 208, 2, 1.00),
(1483, 122, 459, 2, 1.00),
(1484, 122, 458, 2, 1.00),
(1485, 122, 464, 2, 1.00),
(1486, 122, 131, 2, 2.00),
(1487, 121, 461, 1, 2.00),
(1488, 121, 462, 1, 1.00),
(1489, 121, 2, 16, 2.00),
(1490, 121, 463, 3, 2.00),
(1491, 121, 426, 3, 2.00),
(1492, 114, 175, 7, 1.50),
(1493, 114, 53, 2, 2.00),
(1494, 114, 21, 3, 3.00),
(1495, 114, 22, 3, 4.00),
(1496, 114, 455, 2, 2.00),
(1497, 115, 198, 3, 2.00),
(1498, 115, 131, 2, 2.00),
(1499, 115, 129, 1, 0.50),
(1500, 115, 456, 1, 1.00),
(1501, 115, 103, 1, 0.50),
(1502, 116, 457, 3, 2.00),
(1503, 116, 208, 2, 1.00),
(1504, 116, 458, 2, 1.00),
(1505, 116, 459, 2, 1.00),
(1506, 116, 103, 1, 4.00),
(1507, 112, 17, 1, 2.00),
(1508, 112, 453, 1, 1.50),
(1509, 112, 54, 1, 0.50),
(1510, 112, 53, 2, 2.00),
(1511, 112, 101, 2, 1.00),
(1512, 111, 49, 1, 2.00),
(1513, 111, 53, 2, 3.00),
(1514, 111, 76, 3, 2.00),
(1515, 111, 140, 3, 1.00),
(1516, 105, 420, 1, 1.00),
(1517, 105, 76, 3, 2.00),
(1518, 105, 342, 1, 1.00),
(1519, 105, 413, 1, 2.00),
(1520, 105, 229, 3, 1.00),
(1521, 105, 389, 1, 2.00),
(1522, 105, 426, 1, 1.00),
(1523, 105, 427, 3, 1.00),
(1524, 105, 179, 3, 1.00),
(1525, 105, 403, 3, 2.00),
(1526, 105, 6, 2, 1.00),
(1527, 105, 5, 2, 0.50),
(1528, 105, 432, 1, 3.00),
(1529, 12, 9, 1, 1.50),
(1530, 12, 105, 1, 6.00),
(1531, 12, 28, 1, 0.50),
(1532, 12, 107, 1, 0.25),
(1533, 12, 85, 1, 1.00),
(1534, 12, 53, 2, 2.00),
(1535, 12, 110, 1, 1.00),
(1536, 12, 111, 1, 1.00),
(1537, 12, 101, 2, 1.00),
(1538, 12, 113, 2, 1.00),
(1539, 12, 6, 2, 0.50),
(1540, 12, 22, 3, 1.00),
(1544, 109, 451, 1, 1.50),
(1545, 109, 41, 1, 1.00),
(1546, 109, 452, 1, 1.00),
(1547, 11, 17, 1, 2.00),
(1548, 11, 20, 1, 0.50),
(1549, 11, 21, 1, 0.25),
(1550, 11, 22, 3, 2.00),
(1551, 11, 53, 2, 1.00),
(1552, 11, 6, 2, 0.50),
(1553, 11, 101, 2, 0.50),
(1554, 11, 63, 2, 0.50),
(1555, 11, 103, 1, 0.25),
(1556, 6, 48, 1, 2.00),
(1557, 6, 49, 3, 1.50),
(1558, 6, 50, 1, 4.00),
(1559, 6, 51, 1, 0.50),
(1560, 6, 22, 3, 2.00),
(1561, 6, 53, 2, 1.00),
(1562, 6, 54, 1, 1.00),
(1563, 6, 6, 2, 1.00),
(1564, 6, 5, 2, 0.50),
(1565, 117, 127, 1, 2.00),
(1566, 117, 103, 1, 0.75),
(1567, 117, 460, 1, 0.50),
(1568, 117, 6, 2, 1.00),
(1569, 117, 195, 3, 2.00),
(1570, 108, 9, 1, 2.00),
(1571, 108, 450, 1, 1.50),
(1572, 4, 17, 2, 1.00),
(1573, 4, 144, 18, 2.00),
(1574, 88, 194, 6, 15.00),
(1575, 88, 2, 1, 3.00),
(1576, 88, 195, 3, 3.00),
(1577, 88, 196, 2, 1.00),
(1578, 88, 197, 1, 0.25),
(1579, 88, 131, 1, 0.67),
(1580, 88, 128, 2, 0.50),
(1581, 88, 6, 2, 0.25),
(1582, 88, 198, 2, 0.50),
(1583, 88, 199, 1, 0.50),
(1588, 85, 172, 6, 10.00),
(1589, 85, 173, 6, 7.00),
(1590, 85, 174, 6, 12.00),
(1591, 85, 175, 7, 1.50),
(1592, 85, 176, 4, 1.00),
(1593, 85, 189, 6, 7.00),
(1594, 85, 178, 2, 1.50),
(1595, 85, 179, 2, 2.00),
(1596, 85, 180, 2, 4.00),
(1597, 85, 181, 2, 1.00),
(1598, 85, 182, 6, 16.90),
(1599, 85, 183, 6, 16.00),
(1600, 85, 184, 1, 2.00),
(1601, 85, 185, 2, 1.00),
(1602, 84, 171, 7, 1.00),
(1603, 84, 128, 9, 1.00),
(1604, 15, 136, 1, 1.00),
(1605, 15, 76, 1, 0.25),
(1606, 15, 53, 2, 2.00),
(1607, 15, 21, 1, 1.00),
(1608, 14, 127, 1, 1.50),
(1609, 14, 128, 2, 2.00),
(1610, 14, 129, 1, 1.00),
(1611, 2, 7, 1, 4.00),
(1612, 2, 2, 1, 6.00),
(1613, 2, 9, 1, 1.00),
(1614, 2, 10, 1, 1.00),
(1615, 2, 11, 1, 0.50),
(1616, 2, 12, 1, 1.00),
(1617, 86, 186, 7, 2.00),
(1618, 86, 187, 1, 1.00),
(1619, 86, 188, 6, 2.00),
(1620, 16, 127, 1, 2.50),
(1621, 16, 144, 2, 1.00),
(1622, 16, 76, 1, 1.00),
(1623, 16, 44, 1, 1.00),
(1624, 10, 89, 1, 1.00),
(1625, 10, 90, 1, 0.75),
(1626, 10, 91, 1, 1.00),
(1627, 10, 92, 1, 0.25),
(1628, 10, 22, 3, 2.00),
(1629, 10, 6, 2, 1.00),
(1630, 113, 454, 1, 3.00),
(1631, 113, 53, 2, 3.00),
(1632, 113, 21, 3, 3.00),
(1633, 113, 22, 3, 4.00),
(1634, 113, 455, 2, 2.00),
(1635, 9, 77, 1, 8.00),
(1636, 9, 78, 1, 0.50),
(1637, 9, 41, 1, 1.00),
(1638, 9, 42, 1, 1.00),
(1639, 9, 38, 1, 0.50),
(1640, 9, 82, 1, 1.00),
(1641, 9, 83, 1, 0.50),
(1642, 9, 53, 2, 2.00),
(1643, 9, 85, 1, 1.00),
(1644, 9, 86, 1, 0.25),
(1645, 9, 43, 3, 2.00),
(1646, 9, 88, 3, 1.00),
(1657, 7, 57, 1, 4.00),
(1658, 7, 58, 1, 1.50),
(1659, 7, 59, 1, 6.00),
(1660, 7, 60, 1, 1.00),
(1661, 7, 61, 1, 0.50),
(1662, 7, 62, 2, 1.00),
(1663, 7, 63, 2, 1.00),
(1664, 7, 44, 3, 2.00),
(1665, 7, 6, 2, 2.00),
(1666, 7, 5, 2, 1.00),
(1667, 1, 1, 7, 1.00),
(1668, 1, 2, 1, 4.00),
(1669, 1, 3, 1, 1.00),
(1670, 1, 4, 6, 8.00),
(1671, 1, 5, 2, 2.00),
(1672, 1, 6, 2, 1.00),
(1673, 5, 36, 1, 2.00),
(1674, 5, 37, 3, 2.00),
(1675, 5, 38, 1, 2.00),
(1676, 5, 39, 1, 1.00),
(1677, 5, 40, 1, 1.00),
(1678, 5, 41, 1, 1.00),
(1679, 5, 42, 1, 2.00),
(1680, 5, 47, 1, 2.00),
(1681, 3, 15, 1, 1.00),
(1682, 3, 16, 1, 2.00),
(1683, 3, 17, 1, 1.00),
(1684, 3, 18, 1, 2.00),
(1685, 3, 12, 1, 1.00),
(1686, 3, 20, 3, 2.00),
(1687, 3, 21, 3, 1.00),
(1688, 8, 67, 1, 1.00),
(1689, 8, 21, 1, 0.50),
(1690, 8, 22, 1, 0.25),
(1691, 8, 70, 3, 4.00),
(1692, 8, 6, 2, 2.00),
(1693, 8, 5, 2, 1.00),
(1694, 8, 73, 3, 1.00),
(1695, 8, 74, 3, 1.00),
(1696, 8, 63, 2, 1.00),
(1697, 8, 76, 1, 0.25),
(1698, 87, 190, 9, 1.00),
(1699, 87, 191, 6, 2.00),
(1700, 87, 192, 1, 1.00),
(1701, 87, 193, 3, 1.00);

-- --------------------------------------------------------

--
-- Table structure for table `recipe_rating`
--

CREATE TABLE `recipe_rating` (
  `rating_id` int NOT NULL,
  `recipe_id` int UNSIGNED NOT NULL,
  `user_id` int UNSIGNED NOT NULL,
  `rating_value` tinyint NOT NULL,
  `created_at` datetime DEFAULT CURRENT_TIMESTAMP
) ENGINE=InnoDB DEFAULT CHARSET=utf8mb4 COLLATE=utf8mb4_0900_ai_ci;

--
-- Dumping data for table `recipe_rating`
--

INSERT INTO `recipe_rating` (`rating_id`, `recipe_id`, `user_id`, `rating_value`, `created_at`) VALUES
(1, 1, 5, 5, '2025-03-17 12:15:40'),
(2, 1, 4, 4, '2025-03-17 12:15:40'),
(3, 1, 3, 5, '2025-03-17 12:15:40'),
(4, 3, 5, 5, '2025-03-17 12:15:40'),
(5, 3, 3, 4, '2025-03-17 12:15:40'),
(6, 3, 2, 4, '2025-03-17 12:15:40'),
(7, 4, 5, 4, '2025-03-17 12:15:40'),
(9, 4, 1, 5, '2025-03-17 12:15:40'),
(10, 5, 3, 5, '2025-03-17 12:15:40'),
(11, 5, 2, 4, '2025-03-17 12:15:40'),
(12, 5, 4, 3, '2025-03-17 12:15:40'),
(13, 15, 1, 5, '2025-03-17 12:15:40'),
(14, 15, 2, 4, '2025-03-17 12:15:40'),
(15, 16, 5, 5, '2025-03-17 12:15:40'),
(16, 16, 4, 5, '2025-03-17 12:15:40'),
(17, 13, 4, 5, '2025-03-17 12:15:40'),
(18, 13, 2, 4, '2025-03-17 12:15:40'),
(19, 14, 5, 5, '2025-03-17 12:15:40'),
(20, 14, 6, 4, '2025-03-17 12:15:40'),
(21, 6, 6, 5, '2025-03-17 12:15:40'),
(22, 6, 4, 4, '2025-03-17 12:15:40'),
(23, 7, 3, 5, '2025-03-17 12:15:40'),
(24, 7, 1, 5, '2025-03-17 12:15:40'),
(25, 8, 4, 5, '2025-03-17 12:15:40'),
(26, 8, 1, 4, '2025-03-17 12:15:40'),
(27, 9, 4, 5, '2025-03-17 12:15:40'),
(28, 9, 2, 4, '2025-03-17 12:15:40'),
(29, 10, 1, 5, '2025-03-17 12:15:40'),
(31, 11, 2, 5, '2025-03-17 12:15:40'),
(32, 11, 4, 4, '2025-03-17 12:15:40'),
(34, 7, 6, 4, '2025-03-17 12:15:40'),
(35, 68, 6, 3, '2025-03-17 12:15:40'),
(36, 69, 6, 3, '2025-03-17 12:15:40'),
(46, 75, 6, 4, '2025-03-17 12:15:40'),
(47, 64, 6, 3, '2025-03-17 12:15:40'),
(48, 15, 11, 5, '2025-03-17 12:15:40'),
(50, 13, 12, 5, '2025-03-17 12:15:40'),
(51, 85, 12, 5, '2025-03-17 12:15:40'),
(52, 15, 10, 5, '2025-03-17 12:15:40'),
(54, 87, 14, 5, '2025-03-17 12:15:40'),
(55, 88, 15, 5, '2025-03-17 12:15:40'),
(56, 90, 3, 5, '2025-03-17 12:16:11'),
(57, 91, 4, 4, '2025-03-17 12:16:11'),
(58, 92, 5, 5, '2025-03-17 12:16:11'),
(59, 93, 8, 5, '2025-03-17 12:16:11'),
(60, 94, 3, 4, '2025-03-17 12:16:11'),
(61, 95, 8, 5, '2025-03-17 12:16:11'),
(62, 96, 3, 5, '2025-03-17 12:16:11'),
(63, 97, 4, 4, '2025-03-17 12:16:11'),
(64, 98, 3, 5, '2025-03-17 12:16:11'),
(65, 99, 4, 4, '2025-03-17 12:16:11'),
(66, 100, 8, 5, '2025-03-17 12:16:11'),
(67, 101, 8, 5, '2025-03-17 12:16:11'),
(68, 102, 8, 4, '2025-03-17 12:16:11'),
(69, 103, 3, 5, '2025-03-17 12:16:11'),
(70, 104, 8, 4, '2025-03-17 12:16:11'),
(71, 105, 6, 5, '2025-03-17 12:19:09'),
(72, 106, 7, 4, '2025-03-17 12:19:09'),
(73, 107, 9, 3, '2025-03-17 12:19:09'),
(74, 108, 10, 5, '2025-03-17 12:19:09'),
(75, 109, 11, 4, '2025-03-17 12:19:09'),
(76, 110, 12, 5, '2025-03-17 12:19:09'),
(77, 111, 13, 3, '2025-03-17 12:19:09'),
(78, 112, 14, 4, '2025-03-17 12:19:09'),
(79, 113, 15, 5, '2025-03-17 12:19:09'),
(80, 114, 16, 3, '2025-03-17 12:19:09'),
(81, 121, 6, 5, '2025-03-17 16:11:24'),
(82, 1, 5, 5, '2025-03-17 18:57:31'),
(83, 3, 3, 4, '2025-03-17 18:57:31'),
(84, 4, 4, 4, '2025-03-17 18:57:31'),
(85, 5, 2, 5, '2025-03-17 18:57:31'),
(86, 1, 3, 5, '2025-03-17 18:57:31'),
(87, 6, 6, 5, '2025-03-17 18:57:31'),
(88, 7, 1, 4, '2025-03-17 18:57:31'),
(89, 8, 2, 5, '2025-03-17 18:57:31'),
(91, 10, 3, 5, '2025-03-17 18:57:31'),
(92, 11, 3, 4, '2025-03-17 18:57:31'),
(93, 12, 3, 5, '2025-03-17 18:57:31'),
(94, 13, 5, 5, '2025-03-17 18:57:31'),
(95, 14, 2, 4, '2025-03-17 18:57:31'),
(96, 15, 3, 5, '2025-03-17 18:57:31'),
(97, 16, 5, 4, '2025-03-17 18:57:31'),
(98, 84, 11, 4, '2025-03-17 18:57:31'),
(99, 85, 12, 5, '2025-03-17 18:57:31'),
(100, 86, 10, 4, '2025-03-17 18:57:31'),
(101, 87, 14, 3, '2025-03-17 18:57:31'),
(102, 88, 15, 5, '2025-03-17 18:57:31'),
(103, 103, 3, 4, '2025-03-17 18:57:31'),
(104, 105, 8, 5, '2025-03-17 18:57:31'),
(105, 108, 4, 5, '2025-03-17 18:57:31'),
(106, 109, 17, 4, '2025-03-17 18:57:31'),
(107, 110, 21, 3, '2025-03-17 18:57:31'),
(108, 111, 15, 5, '2025-03-17 18:57:31'),
(109, 112, 11, 4, '2025-03-17 18:57:31'),
(110, 113, 24, 5, '2025-03-17 18:57:31'),
(111, 114, 14, 4, '2025-03-17 18:57:31'),
(112, 115, 18, 3, '2025-03-17 18:57:31'),
(113, 116, 24, 5, '2025-03-17 18:57:31'),
(114, 117, 3, 4, '2025-03-17 18:57:31'),
(115, 121, 4, 5, '2025-03-17 18:57:31'),
(116, 122, 18, 4, '2025-03-17 18:57:31'),
(117, 123, 10, 5, '2025-03-17 18:57:31'),
(118, 124, 18, 5, '2025-03-17 18:57:31'),
(119, 125, 19, 3, '2025-03-17 18:57:31'),
(120, 126, 10, 5, '2025-03-17 18:57:31'),
(121, 127, 7, 4, '2025-03-17 18:57:31'),
(122, 129, 15, 5, '2025-03-17 18:57:31'),
(123, 130, 1, 4, '2025-03-17 18:57:31'),
(124, 131, 11, 5, '2025-03-17 18:57:31'),
(125, 132, 22, 5, '2025-03-17 18:57:31'),
(126, 133, 14, 4, '2025-03-17 18:57:31'),
(127, 134, 5, 5, '2025-03-17 18:57:31'),
(128, 135, 28, 4, '2025-03-17 18:57:31'),
(129, 136, 8, 5, '2025-03-17 18:57:31'),
(130, 138, 25, 4, '2025-03-17 18:57:31'),
(131, 139, 22, 5, '2025-03-17 18:57:31'),
(132, 140, 15, 5, '2025-03-17 18:57:31'),
(137, 125, 6, 4, '2025-03-19 03:39:36');

-- --------------------------------------------------------

--
-- Table structure for table `recipe_step`
--

CREATE TABLE `recipe_step` (
  `step_id` int UNSIGNED NOT NULL,
  `recipe_id` int UNSIGNED NOT NULL,
  `step_number` int NOT NULL,
  `instruction` text CHARACTER SET utf8mb4 COLLATE utf8mb4_general_ci NOT NULL
) ENGINE=InnoDB DEFAULT CHARSET=utf8mb4 COLLATE=utf8mb4_general_ci;

--
-- Dumping data for table `recipe_step`
--

INSERT INTO `recipe_step` (`step_id`, `recipe_id`, `step_number`, `instruction`) VALUES
(122, 44, 1, 'Step 1: This is the first instruction'),
(123, 44, 2, 'Step 2: This is the second instruction'),
(124, 44, 3, 'Step 3: This is the third instruction'),
(128, 45, 1, 'Step 1: This is the first instruction'),
(129, 45, 2, 'Step 2: This is the second instruction'),
(130, 45, 3, 'Step 3: This is the third instruction'),
(134, 46, 1, 'Step 1: This is the first instruction'),
(135, 46, 2, 'Step 2: This is the second instruction'),
(136, 46, 3, 'Step 3: This is the third instruction'),
(160, 66, 1, 'sadfgbshs'),
(161, 66, 2, 'afgshsjshs'),
(162, 67, 1, 'etqwyw5yw5ywy5'),
(163, 67, 2, 'wtywyw6ywwywyw5t'),
(168, 81, 1, 'erqetrqtrwretw'),
(169, 81, 2, 'qrtqrtqrtqtqrtq'),
(170, 68, 1, 'aefnq;;wrt'),
(171, 68, 2, 'qrtywywtywty'),
(174, 82, 1, 'erfrgwywetyw'),
(175, 82, 2, 'argahytshsh'),
(176, 69, 1, ',bjhgjhgb'),
(177, 69, 2, ',jhghkgfkhjgv'),
(198, 64, 1, '.mjbjklhjbkbkln'),
(199, 64, 2, 'bnvjkgvkvjkhgj'),
(200, 83, 1, 'nnkjnkjlhkljhklj'),
(201, 83, 2, 'nn,mnkjhkljhklhk'),
(308, 89, 1, 'Heat olive oil in a large pot over medium heat.'),
(309, 89, 2, 'Add onions and carrots, and sauté for 5 minutes until softened.'),
(310, 89, 3, 'Stir in minced garlic, tomato paste, cumin, paprika, and cinnamon. Cook for 1 minute.'),
(311, 89, 4, 'Add diced tomatoes, chickpeas, and vegetable broth. Bring to a boil.'),
(312, 89, 5, 'Reduce heat and simmer for 30 minutes, stirring occasionally.'),
(313, 89, 6, 'Season with salt and black pepper to taste.'),
(314, 89, 7, 'Serve hot, garnished with fresh parsley or lemon zest if desired.'),
(315, 90, 1, 'Heat olive oil in a large pot over medium heat.'),
(316, 90, 2, 'Add onions and carrots, and sauté for 5 minutes until softened.'),
(317, 90, 3, 'Stir in minced garlic, tomato paste, cumin, paprika, and cinnamon. Cook for 1 minute.'),
(318, 90, 4, 'Add diced tomatoes, chickpeas, and vegetable broth. Bring to a boil.'),
(319, 90, 5, 'Reduce heat and simmer for 30 minutes, stirring occasionally.'),
(320, 90, 6, 'Season with salt and black pepper to taste.'),
(321, 90, 7, 'Serve hot, garnished with fresh parsley or lemon zest if desired.'),
(322, 91, 1, 'In a bowl, mix soy sauce, brown sugar, minced garlic, sesame oil, ginger, and black pepper.'),
(323, 91, 2, 'Add the thinly sliced beef to the marinade and let sit for at least 15 minutes.'),
(324, 91, 3, 'Heat a large pan over medium-high heat.'),
(325, 91, 4, 'Add marinated beef and cook for about 5-7 minutes, stirring occasionally.'),
(326, 91, 5, 'Toss in green onions and julienned carrots. Cook for another 2 minutes.'),
(327, 91, 6, 'Serve over warm cooked rice and garnish with sesame seeds.'),
(328, 92, 1, 'Preheat oven to 375°F (190°C). Cut tops off bell peppers and remove seeds.'),
(329, 92, 2, 'Cook quinoa according to package instructions and set aside.'),
(330, 92, 3, 'In a bowl, mix cooked quinoa, cherry tomatoes, red onion, feta cheese, garlic, olive oil, parsley, salt, and black pepper.'),
(331, 92, 4, 'Stuff each bell pepper with the quinoa mixture and place them in a baking dish.'),
(332, 92, 5, 'Drizzle with olive oil and bake for 25-30 minutes until peppers are tender.'),
(333, 92, 6, 'Remove from oven, drizzle with lemon juice, and serve warm.'),
(334, 93, 1, 'Pat salmon fillets dry with a paper towel and season both sides with Cajun seasoning, salt, and black pepper.'),
(335, 93, 2, 'Heat olive oil in a large skillet over medium-high heat.'),
(336, 93, 3, 'Place salmon fillets skin-side down and cook for 3-4 minutes until a blackened crust forms.'),
(337, 93, 4, 'Flip the salmon and cook for another 3-4 minutes until cooked through. Remove from the skillet and set aside.'),
(338, 93, 5, 'Reduce heat to medium, melt butter in the same skillet, and sauté minced garlic until fragrant (about 30 seconds).'),
(339, 93, 6, 'Drizzle garlic butter over the salmon fillets, garnish with fresh parsley, and serve with lemon wedges.'),
(340, 94, 1, 'Marinate the fish fillets in lime juice, garlic, salt, and black pepper for 15 minutes.'),
(341, 94, 2, 'Heat olive oil in a large skillet over medium heat.'),
(342, 94, 3, 'Sauté chopped onion and sliced bell peppers until softened.'),
(343, 94, 4, 'Add diced tomatoes, paprika, and cayenne pepper. Cook for 5 minutes until tomatoes soften.'),
(344, 94, 5, 'Pour in coconut milk and bring to a gentle simmer.'),
(345, 94, 6, 'Carefully add the marinated fish fillets into the skillet and cook for 10-12 minutes until the fish flakes easily.'),
(346, 94, 7, 'Garnish with fresh cilantro and serve with cooked white rice.'),
(347, 95, 1, 'Rinse red lentils thoroughly in cold water and drain.'),
(348, 95, 2, 'In a large pot, heat olive oil over medium heat. Add diced onion and sauté until soft and translucent.'),
(349, 95, 3, 'Stir in minced garlic, grated ginger, and tomato paste. Cook for another 2 minutes.'),
(350, 95, 4, 'Add berbere spice, ground cumin, coriander, salt, and black pepper. Stir well to coat the onions.'),
(351, 95, 5, 'Pour in vegetable broth and water, then add the rinsed lentils. Bring to a gentle boil.'),
(352, 95, 6, 'Reduce heat and let simmer for 30 minutes, stirring occasionally, until lentils are soft and creamy.'),
(353, 95, 7, 'Stir in butter (or vegan butter) and lemon juice. Adjust seasoning to taste.'),
(354, 95, 8, 'Garnish with fresh cilantro and serve hot with injera or over rice.'),
(355, 96, 1, 'In a large bowl, mix flour, eggs, dashi stock, and salt until smooth.'),
(356, 96, 2, 'Add shredded cabbage and green onions to the batter and mix well.'),
(357, 96, 3, 'Heat vegetable oil in a non-stick pan over medium heat.'),
(358, 96, 4, 'Pour a portion of the batter into the pan and shape it into a round pancake.'),
(359, 96, 5, 'Lay bacon slices on top and press lightly.'),
(360, 96, 6, 'Cook for about 4-5 minutes until the bottom is golden brown, then flip and cook for another 4 minutes.'),
(361, 96, 7, 'Once fully cooked, transfer to a plate and drizzle with okonomiyaki sauce and Japanese mayonnaise.'),
(362, 96, 8, 'Top with bonito flakes and shredded nori. Serve hot.'),
(363, 97, 1, 'Heat olive oil in a large pot over medium heat.'),
(364, 97, 2, 'Add chopped onions and sauté until soft, about 5 minutes.'),
(365, 97, 3, 'Stir in minced garlic and carrots, cook for another 2 minutes.'),
(366, 97, 4, 'Add chickpeas, diced tomatoes, and vegetable broth. Stir to combine.'),
(367, 97, 5, 'Mix in raisins, cumin, cinnamon, ginger, paprika, coriander, turmeric, salt, and black pepper.'),
(368, 97, 6, 'Bring to a simmer and let cook for 25-30 minutes, stirring occasionally.'),
(369, 97, 7, 'If using, add harissa paste for extra spice.'),
(370, 97, 8, 'Stir in fresh cilantro and lemon juice just before serving.'),
(371, 97, 9, 'Serve hot over cooked couscous or rice.'),
(372, 98, 1, 'Sprinkle eggplant slices with salt and let sit for 30 minutes to draw out moisture. Pat dry.'),
(373, 98, 2, 'Set up a breading station: place flour in one bowl, beaten eggs in another, and breadcrumbs mixed with 1/2 cup Parmesan in a third.'),
(374, 98, 3, 'Dredge each eggplant slice in flour, dip in beaten eggs, and coat in breadcrumb mixture.'),
(375, 98, 4, 'Heat olive oil in a pan and fry breaded eggplant slices until golden brown. Drain on paper towels.'),
(376, 98, 5, 'Preheat oven to 375°F (190°C).'),
(377, 98, 6, 'In a baking dish, spread a layer of tomato sauce, followed by a layer of eggplant slices. Sprinkle with Parmesan and mozzarella.'),
(378, 98, 7, 'Repeat layers until all ingredients are used, finishing with mozzarella on top.'),
(379, 98, 8, 'Bake for 30 minutes, until cheese is bubbly and golden.'),
(380, 98, 9, 'Garnish with fresh basil and serve hot.'),
(381, 99, 1, 'Preheat oven to 400°F (200°C). Slice eggplants into rounds and brush both sides with olive oil. Roast for 20 minutes until tender.'),
(382, 99, 2, 'In a skillet, heat olive oil over medium heat. Add onions and garlic, sautéing until soft.'),
(383, 99, 3, 'Add ground lamb or beef, cooking until browned. Drain excess fat.'),
(384, 99, 4, 'Stir in cinnamon, tomato paste, diced tomatoes, red wine, oregano, and bay leaves. Simmer for 20 minutes.'),
(385, 99, 5, 'In a saucepan, melt butter. Stir in flour and cook for 1 minute.'),
(386, 99, 6, 'Gradually whisk in milk, stirring until thickened. Remove from heat and stir in egg yolks, nutmeg, and Parmesan cheese.'),
(387, 99, 7, 'In a baking dish, layer roasted eggplant slices, followed by the meat mixture. Repeat layers, finishing with the béchamel sauce on top.'),
(388, 99, 8, 'Bake at 375°F (190°C) for 40 minutes, until golden and bubbling.'),
(389, 99, 9, 'Let sit for 10 minutes before serving.'),
(390, 100, 1, 'Preheat oven to 375°F (190°C).'),
(391, 100, 2, 'Heat olive oil in a pan over medium heat. Sauté yellow onion, green onions, and garlic until softened.'),
(392, 100, 3, 'Add chopped spinach and cook until wilted. Remove from heat and let cool slightly.'),
(393, 100, 4, 'In a mixing bowl, combine the cooked spinach mixture with crumbled feta, ricotta cheese, eggs, dill, salt, and black pepper.'),
(394, 100, 5, 'Brush a baking dish with melted butter. Layer half of the phyllo sheets, brushing each sheet with butter as you go.'),
(395, 100, 6, 'Spread the spinach mixture evenly over the phyllo layers.'),
(396, 100, 7, 'Layer the remaining phyllo sheets on top, brushing each with butter. Sprinkle sesame seeds over the top (optional).'),
(397, 100, 8, 'Score the top layers lightly with a sharp knife into square or triangle portions.'),
(398, 100, 9, 'Bake for 40-45 minutes until golden and crispy.'),
(399, 100, 10, 'Let cool for 10 minutes before slicing and serving.'),
(400, 101, 1, 'Rinse the dried white beans and soak them overnight in cold water. Drain and rinse before cooking.'),
(401, 101, 2, 'In a large pot, heat olive oil over medium heat. Add the chopped onions, carrots, celery, and garlic. Sauté until softened.'),
(402, 101, 3, 'Stir in tomato paste and cook for 2 minutes to enhance flavor.'),
(403, 101, 4, 'Add the diced tomatoes, vegetable broth, and soaked white beans. Bring to a boil.'),
(404, 101, 5, 'Add bay leaves, oregano, salt, black pepper, and red pepper flakes. Reduce heat and let simmer for about 1 hour, stirring occasionally.'),
(405, 101, 6, 'Check beans for tenderness. If needed, add more broth and continue cooking for another 15-30 minutes.'),
(406, 101, 7, 'Remove bay leaves and adjust seasoning to taste.'),
(407, 101, 8, 'Stir in fresh parsley and lemon juice before serving.'),
(408, 101, 9, 'Serve hot with crusty bread and a drizzle of olive oil.'),
(409, 102, 1, 'Preheat oven to 375°F (190°C).'),
(410, 102, 2, 'In a bowl, mix ground lamb, ground beef, grated onion, minced garlic, oregano, cumin, coriander, paprika, salt, and black pepper.'),
(411, 102, 3, 'Press the meat mixture into a loaf pan and bake for 40-45 minutes until fully cooked.'),
(412, 102, 4, 'Let the meat cool slightly, then slice thinly.'),
(413, 102, 5, 'Heat olive oil in a skillet over medium heat and pan-fry the sliced gyro meat until crispy on the edges.'),
(414, 102, 6, 'Warm the pita bread on a dry pan or in the oven.'),
(415, 102, 7, 'Assemble the gyro by layering the pita bread with sliced gyro meat, tomato slices, red onion, cucumber, and crumbled feta cheese.'),
(416, 102, 8, 'Drizzle tzatziki sauce over the fillings.'),
(417, 102, 9, 'Fold the pita and wrap it in foil or parchment paper for easy eating.'),
(418, 102, 10, 'Serve immediately and enjoy!'),
(419, 103, 1, 'In a large pot, combine red wine vinegar, beef broth, water, chopped onion, carrot, celery, bay leaves, cloves, peppercorns, juniper berries, salt, black pepper, and ginger.'),
(420, 103, 2, 'Bring to a simmer and allow the marinade to cool completely.'),
(421, 103, 3, 'Place the beef roast in a large bowl or resealable bag and pour the marinade over it. Cover and refrigerate for at least 2 days (preferably 3-5 days), turning the roast occasionally.'),
(422, 103, 4, 'After marinating, remove the beef and pat it dry with paper towels. Reserve the marinade.'),
(423, 103, 5, 'Heat butter in a Dutch oven over medium heat and brown the beef on all sides.'),
(424, 103, 6, 'Strain the marinade and discard the solids. Add the liquid marinade to the pot with the beef.'),
(425, 103, 7, 'Cover and simmer for 2.5-3 hours, turning occasionally, until the meat is fork-tender.'),
(426, 103, 8, 'Remove the beef and set aside.'),
(427, 103, 9, 'Strain the cooking liquid again, then return to the pot. Add sugar and raisins. Simmer for 10 minutes.'),
(428, 103, 10, 'In a small bowl, mix flour with 2 tbsp water to form a paste. Stir into the sauce to thicken.'),
(429, 103, 11, 'Slice the beef and serve with the thickened sauce. Traditional sides include red cabbage and potato dumplings.'),
(430, 104, 1, 'Season the pork cutlets with salt and black pepper.'),
(431, 104, 2, 'Set up three bowls: one with flour, one with beaten eggs, and one with breadcrumbs.'),
(432, 104, 3, 'Dredge each pork cutlet in flour, dip into eggs, and coat with breadcrumbs.'),
(433, 104, 4, 'Heat butter and vegetable oil in a large skillet over medium-high heat.'),
(434, 104, 5, 'Fry the breaded cutlets for 3-4 minutes per side until golden brown and crispy. Remove and keep warm.'),
(435, 104, 6, 'In the same skillet, add chopped onions and cook until softened.'),
(436, 104, 7, 'Add mushrooms and cook until they release their moisture and begin to brown.'),
(437, 104, 8, 'Stir in minced garlic and paprika, cooking for another minute.'),
(438, 104, 9, 'Pour in beef broth and simmer for 5 minutes.'),
(439, 104, 10, 'Lower the heat and add heavy cream, stirring until the sauce thickens.'),
(440, 104, 11, 'Return the schnitzel to the pan to coat slightly with the sauce.'),
(441, 104, 12, 'Garnish with chopped parsley and serve with spaetzle or mashed potatoes.'),
(465, 106, 1, 'In a bowl, mix yogurt, lemon juice, garam masala, cumin, coriander, turmeric, salt, and black pepper. Add chicken pieces and marinate for at least 1 hour.'),
(466, 106, 2, 'Heat butter in a large pan over medium heat. Sauté onions until soft.'),
(467, 106, 3, 'Add garlic and ginger, cooking for 1 more minute until fragrant.'),
(468, 106, 4, 'Add marinated chicken and cook until no longer pink.'),
(469, 106, 5, 'Pour in tomato puree and simmer for 10 minutes.'),
(470, 106, 6, 'Stir in heavy cream and cook for another 5 minutes, stirring occasionally.'),
(471, 106, 7, 'Garnish with chopped cilantro and serve over cooked basmati rice.'),
(1081, 13, 1, 'Heat coconut milk in a pan and add green curry paste.'),
(1082, 13, 2, 'Add chopped vegetables and cook until slightly tender.'),
(1083, 13, 3, 'Add tofu and simmer for 5 minutes.'),
(1084, 13, 4, 'Stir in soy sauce, brown sugar, and lime juice.'),
(1085, 13, 5, 'Serve hot over jasmine rice with fresh basil leaves.'),
(1086, 139, 1, 'Season the flank steak with salt, pepper, and cumin.'),
(1087, 139, 2, 'In a large pot, heat oil and sear the steak on both sides until browned.'),
(1088, 139, 3, 'Add chopped onions, bell peppers, and garlic to the pot and sauté until softened.'),
(1089, 139, 4, 'Pour in the tomato sauce and a cup of water, then cover and simmer for 2 hours until the meat is tender.'),
(1090, 139, 5, 'Remove the steak from the pot and shred it using two forks.'),
(1091, 139, 6, 'Return the shredded beef to the sauce, stir in olives, and cook for 10 more minutes.'),
(1092, 139, 7, 'Serve hot with white rice and fried plantains.'),
(1099, 138, 1, 'Slice the Cuban bread in half and spread mustard on one side.'),
(1100, 138, 2, 'Layer the roast pork, ham, Swiss cheese, and pickles on the bread.'),
(1101, 138, 3, 'Close the sandwich and spread butter on the outside of the bread.'),
(1102, 138, 4, 'Heat a pan or sandwich press over medium heat and place the sandwich inside.'),
(1103, 138, 5, 'Press down and cook for about 5-7 minutes per side, until golden brown and the cheese is melted.'),
(1104, 138, 6, 'Slice diagonally and serve hot.'),
(1105, 136, 1, 'Rinse the white rice under cold water and drain.'),
(1106, 136, 2, 'In a blender, combine the rice, cinnamon stick, and 2 cups of water. Blend until smooth.'),
(1107, 136, 3, 'Let the blended mixture sit at room temperature for at least 3 hours or overnight.'),
(1108, 136, 4, 'Strain the rice mixture through a fine sieve or cheesecloth into a pitcher.'),
(1109, 136, 5, 'Stir in sugar, vanilla extract, milk, and the remaining water until well combined.'),
(1110, 136, 6, 'Serve chilled over ice and enjoy.'),
(1111, 135, 1, 'Cut the lime into wedges and place them in a glass.'),
(1112, 135, 2, 'Add sugar and muddle the lime wedges to release their juice.'),
(1113, 135, 3, 'Fill the glass with crushed ice.'),
(1114, 135, 4, 'Pour cachaça over the ice and stir well.'),
(1115, 135, 5, 'Serve immediately with a straw and enjoy.'),
(1116, 134, 1, 'Preheat the oven to 325°F (163°C).'),
(1117, 134, 2, 'Mix graham cracker crumbs and melted butter, then press into a springform pan to form the crust.'),
(1118, 134, 3, 'In a bowl, beat cream cheese, sugar, and vanilla extract until smooth. Add eggs one at a time, mixing well after each addition.'),
(1119, 134, 4, 'Pour the filling over the crust and smooth the top.'),
(1120, 134, 5, 'Bake for about 60 minutes, or until the center is set.'),
(1121, 134, 6, 'Let cool, then top with fresh blueberries before serving.'),
(1122, 133, 1, 'Preheat the grill to high heat.'),
(1123, 133, 2, 'Rub the picanha steak with olive oil and season generously with rock salt.'),
(1124, 133, 3, 'Place the steak on the grill, fat side down, and sear for 5 minutes.'),
(1125, 133, 4, 'Flip the steak and continue grilling for another 5-7 minutes, depending on the desired doneness.'),
(1126, 133, 5, 'Remove from the grill and let rest for 10 minutes before slicing against the grain.'),
(1127, 133, 6, 'Serve hot with chimichurri sauce or grilled vegetables.'),
(1128, 140, 1, 'Season the veal shanks with salt and pepper, then dredge in flour.'),
(1129, 140, 2, 'In a large pot, heat oil and brown the veal shanks on all sides. Remove and set aside.'),
(1130, 140, 3, 'Add chopped onions, carrots, celery, and garlic to the pot and sauté until softened.'),
(1131, 140, 4, 'Stir in tomato paste and cook for 1 minute, then pour in white wine and reduce by half.'),
(1132, 140, 5, 'Add the beef stock and return the veal shanks to the pot. Cover and simmer for 3 hours until the meat is tender.'),
(1133, 140, 6, 'Serve hot with gremolata and risotto or mashed potatoes.'),
(1134, 130, 1, 'In a bowl, mix ground pork, chopped shrimp, minced garlic, ginger, and soy sauce.'),
(1135, 130, 2, 'Lay out dumpling wrappers and place a small spoonful of filling in the center of each.'),
(1136, 130, 3, 'Fold the wrappers and seal the edges by pinching or pleating.'),
(1137, 130, 4, 'Place dumplings in a steamer and steam for 15-20 minutes until fully cooked.'),
(1138, 130, 5, 'Serve hot with soy sauce or chili oil for dipping.'),
(1139, 129, 1, 'In a bowl, combine flour, yeast, and warm milk to form a dough.'),
(1140, 129, 2, 'Knead the dough for 10 minutes until smooth and elastic, then let it rest for 1 hour.'),
(1141, 129, 3, 'Chop jalapeno and garlic finely and mix into the dough.'),
(1142, 129, 4, 'Divide the dough into small portions and roll into flat circles.'),
(1143, 129, 5, 'Cook each naan on a hot skillet until bubbles form and golden brown spots appear.'),
(1144, 129, 6, 'Brush with melted butter and serve hot.'),
(1145, 127, 1, 'In a bowl, mix yogurt, garlic, ginger, and garam masala to create a marinade.'),
(1146, 127, 2, 'Add lamb pieces to the marinade and let sit for at least 30 minutes.'),
(1147, 127, 3, 'Heat oil in a pan and cook the marinated lamb until browned.'),
(1148, 127, 4, 'Add tomato puree and simmer for 30 minutes, stirring occasionally.'),
(1149, 127, 5, 'Stir in heavy cream and cook for another 5 minutes.'),
(1150, 127, 6, 'Serve hot with basmati rice and naan.'),
(1151, 126, 1, 'In a blender, combine soy sauce, brown sugar, minced garlic, sesame oil, chopped pear, and green onions.'),
(1152, 126, 2, 'Blend until smooth to create the marinade.'),
(1153, 126, 3, 'Place the beef short ribs in a bowl and pour the marinade over them.'),
(1154, 126, 4, 'Cover and refrigerate for at least 4 hours or overnight for best flavor.'),
(1155, 126, 5, 'Preheat the grill to medium-high heat.'),
(1156, 126, 6, 'Grill the ribs for 5-7 minutes on each side until caramelized and cooked through.'),
(1157, 126, 7, 'Serve hot with rice and kimchi.'),
(1158, 125, 1, 'Rehydrate the dried seaweed in warm water for 10 minutes, then drain and squeeze out excess water.'),
(1159, 125, 2, 'In a small bowl, whisk together sesame oil, soy sauce, rice vinegar, sugar, and lemon juice.'),
(1160, 125, 3, 'Toss the rehydrated seaweed with the dressing until evenly coated.'),
(1161, 125, 4, 'Sprinkle with sesame seeds and serve chilled.'),
(1162, 132, 1, 'In a bowl, mix matzo meal, eggs, salt, and a little water to form a dough. Let it rest for 20 minutes.'),
(1163, 132, 2, 'Shape the dough into small balls and set aside.'),
(1164, 132, 3, 'In a pot, bring chicken broth to a gentle simmer and add sliced carrots and celery.'),
(1165, 132, 4, 'Carefully drop the matzo balls into the broth and let cook for about 30 minutes until they are tender.'),
(1166, 132, 5, 'Season with salt and pepper and serve hot.'),
(1167, 131, 1, 'Dice the white fish into small pieces.'),
(1168, 131, 2, 'In a bowl, mix the fish with lime juice and lemon juice. Let it marinate for 15 minutes until the fish turns opaque.'),
(1169, 131, 3, 'Finely chop the red onion, tomato, cilantro, and jalapeno.'),
(1170, 131, 4, 'Mix the chopped ingredients with the marinated fish.'),
(1171, 131, 5, 'Serve chilled with tortilla chips or toasted bread.'),
(1172, 124, 1, 'Preheat oven to 300°F (150°C).'),
(1173, 124, 2, 'Rub the ribs with salt, black pepper, garlic powder, and paprika.'),
(1174, 124, 3, 'Place ribs on a baking sheet and cover with foil.'),
(1175, 124, 4, 'Bake for 3 hours until tender.'),
(1176, 124, 5, 'Remove foil, brush with BBQ sauce, and bake for another 30 minutes.'),
(1177, 124, 6, 'Let rest for 10 minutes, then serve hot.'),
(1178, 123, 1, 'Peel and chop the mango into small pieces.'),
(1179, 123, 2, 'In a blender, combine mango, yogurt, milk, honey, and cardamom.'),
(1180, 123, 3, 'Blend until smooth and creamy.'),
(1181, 123, 4, 'Pour into glasses and serve chilled.'),
(1182, 122, 1, 'Bring water and milk to a boil in a saucepan.'),
(1183, 122, 2, 'Add black tea leaves, cinnamon, cardamom, cloves, ginger, and sugar.'),
(1184, 122, 3, 'Reduce heat and let simmer for 10 minutes, stirring occasionally.'),
(1185, 122, 4, 'Strain the chai into cups and serve hot.'),
(1186, 121, 1, 'Heat salsa in a pan over medium heat until simmering.'),
(1187, 121, 2, 'Add tortilla chips to the salsa and stir gently to coat.'),
(1188, 121, 3, 'In a separate pan, fry eggs to desired doneness.'),
(1189, 121, 4, 'Plate the chilaquiles and top with fried eggs.'),
(1190, 121, 5, 'Sprinkle with cotija cheese and drizzle with sour cream before serving.'),
(1191, 114, 1, 'Cut chicken breast into 1-inch cubes.'),
(1192, 114, 2, 'In a bowl, mix olive oil, lemon juice, minced garlic, and oregano to create a marinade.'),
(1193, 114, 3, 'Add chicken pieces to the marinade and let sit for at least 30 minutes.'),
(1194, 114, 4, 'Thread the marinated chicken onto skewers.'),
(1195, 114, 5, 'Grill on medium-high heat for about 15 minutes, turning occasionally until fully cooked.'),
(1196, 114, 6, 'Serve hot with pita bread, tzatziki sauce, and fresh vegetables.'),
(1197, 115, 1, 'Add instant coffee, sugar, and a little water to a shaker or blender.'),
(1198, 115, 2, 'Shake or blend until a thick foam forms.'),
(1199, 115, 3, 'Fill a tall glass with ice cubes.'),
(1200, 115, 4, 'Pour the coffee foam over the ice and add cold water or milk.'),
(1201, 115, 5, 'Stir and serve with a straw.'),
(1202, 116, 1, 'Bring water to a boil in a saucepan.'),
(1203, 116, 2, 'Add black tea leaves, cinnamon, cloves, and cardamom.'),
(1204, 116, 3, 'Reduce heat and let simmer for 10 minutes.'),
(1205, 116, 4, 'Strain the tea into cups and serve hot.'),
(1206, 112, 1, 'Heat oil in a pot over medium heat.'),
(1207, 112, 2, 'Add chopped onion and garlic, sauté until soft.'),
(1208, 112, 3, 'Stir in cumin and cook for 1 minute until fragrant.'),
(1209, 112, 4, 'Add chickpeas and water, bring to a simmer.'),
(1210, 112, 5, 'Let stew simmer for 30 minutes, stirring occasionally.'),
(1211, 112, 6, 'Stir in spinach and cook for another 5 minutes before serving.'),
(1212, 111, 1, 'Preheat the oven to 375°F (190°C).'),
(1213, 111, 2, 'Clean and slice the mushrooms.'),
(1214, 111, 3, 'Melt the butter and mix with minced garlic.'),
(1215, 111, 4, 'Toss the mushrooms in the garlic butter mixture and spread on a baking sheet.'),
(1216, 111, 5, 'Roast for 30 minutes, stirring halfway through.'),
(1217, 111, 6, 'Garnish with chopped parsley and serve.'),
(1218, 105, 1, 'Cook egg noodles according to package instructions and set aside.'),
(1219, 105, 2, 'Heat butter in a pan over medium-high heat. Sauté beef slices until browned, then remove from the pan.'),
(1220, 105, 3, 'In the same pan, add onions, mushrooms, and garlic. Cook until soft.'),
(1221, 105, 4, 'Sprinkle flour over the mixture and stir well.'),
(1222, 105, 5, 'Slowly add beef broth, stirring continuously to avoid lumps.'),
(1223, 105, 6, 'Reduce heat and stir in sour cream, Dijon mustard, Worcestershire sauce, salt, and pepper.'),
(1224, 105, 7, 'Return the cooked beef to the pan and simmer for 5 minutes.'),
(1225, 105, 8, 'Serve over egg noodles.'),
(1226, 12, 1, 'Heat olive oil in a pan over medium heat.'),
(1227, 12, 2, 'Add chopped red onion, garlic, and jalapeño, and sauté until fragrant.'),
(1228, 12, 3, 'Stir in black beans, cumin, chili powder, and salt. Cook for 5 minutes.'),
(1229, 12, 4, 'Mash some of the beans with the back of a spoon for texture.'),
(1230, 12, 5, 'Warm the tortillas in a dry pan or microwave.'),
(1231, 12, 6, 'Fill each tortilla with black bean mixture and top with diced tomato and cilantro.'),
(1232, 12, 7, 'Squeeze fresh lime juice over the tacos before serving.'),
(1237, 109, 1, 'Rinse and drain the lentils.'),
(1238, 109, 2, 'Chop the carrots and celery into small pieces.'),
(1239, 109, 3, 'Add all ingredients to a large pot with water and bring to a boil.'),
(1240, 109, 4, 'Reduce heat and simmer for 90 minutes, stirring occasionally.'),
(1241, 11, 1, 'Drain and rinse the chickpeas.'),
(1242, 11, 2, 'In a food processor, blend tahini and lemon juice for 1 minute.'),
(1243, 11, 3, 'Add garlic, olive oil, salt, cumin, and paprika, and blend again.'),
(1244, 11, 4, 'Slowly add chickpeas, blending continuously.'),
(1245, 11, 5, 'Pour in water gradually and blend until smooth.'),
(1246, 11, 6, 'Taste and adjust seasoning if needed.'),
(1247, 11, 7, 'Transfer to a serving bowl and drizzle with additional olive oil.'),
(1248, 11, 8, 'Sprinkle with paprika and serve with pita bread or vegetables.'),
(1249, 6, 1, 'Heat olive oil in a pan and sauté onions and garlic until fragrant.'),
(1250, 6, 2, 'Add mushrooms and cook until softened.'),
(1251, 6, 3, 'Stir in Arborio rice and toast for 1-2 minutes.'),
(1252, 6, 4, 'Gradually add vegetable broth, stirring continuously.'),
(1253, 6, 5, 'Continue cooking and stirring until the rice is tender and creamy.'),
(1254, 6, 6, 'Stir in Parmesan cheese, season with salt and black pepper.'),
(1255, 6, 7, 'Remove from heat and let sit for 2 minutes before serving.'),
(1256, 117, 1, 'In a bowl, mix flour and salt, then slowly add hot water while stirring.'),
(1257, 117, 2, 'Knead the dough until smooth, cover, and let rest for 30 minutes.'),
(1258, 117, 3, 'Roll out the dough into thin circles and sprinkle chopped scallions on top.'),
(1259, 117, 4, 'Roll the dough into a log, then coil into a spiral and flatten again.'),
(1260, 117, 5, 'Heat vegetable oil in a pan and fry each pancake for 2-3 minutes per side until golden brown.'),
(1261, 117, 6, 'Serve hot with dipping sauce.'),
(1262, 108, 1, 'Rinse and drain the black beans.'),
(1263, 108, 2, 'Chop the tomatoes and add them to a pot.'),
(1264, 108, 3, 'Simmer on medium heat for 30 minutes, stirring occasionally.'),
(1265, 4, 1, 'Cook quinoa according to package instructions, let cool.'),
(1266, 4, 2, 'Dice cucumber and quarter cherry tomatoes.'),
(1267, 4, 3, 'Finely slice red onion and chop parsley.'),
(1268, 4, 4, 'In a large bowl, combine cooled quinoa with all chopped vegetables.'),
(1269, 4, 5, 'Add olives and crumbled feta cheese.'),
(1270, 4, 6, 'Whisk together olive oil, lemon juice, salt, and pepper.'),
(1271, 4, 7, 'Pour dressing over salad and toss to combine. Serve chilled.'),
(1272, 88, 1, 'Preheat oven to 350 degrees fahrenheit. Puree black beans until a paste. in a large bowl mix together bean puree, eggs, oil, and vanilla'),
(1273, 88, 2, 'in a seperate bowl combine cocoa powder, sugar, baking powder, salt, and coffee. add to wet ingredients. Finally, add chocolate chips.'),
(1274, 88, 3, 'grease a 9x9 inch pan, then line with parchment paper. Pour batter into pan. bake for 30 to 40 minutes, or until the edges are visibly cooked and center no longer jiggles.'),
(1275, 88, 4, 'Allow brownies to cool for 5 minutes. cut into 16 pieces. Serve warm with a dairy free ice cream'),
(1280, 85, 1, 'Chop 1 whole yellow onion, set aside'),
(1281, 85, 2, 'Peel and separate 1 whole garlic clove, set aside.'),
(1282, 85, 3, 'Chop 2-3 whole carrot stems into 1/4 sections, set aside'),
(1283, 85, 4, 'Use scissors to cut the breast into small pieces, set aside. Chop apple into thin slices and set aside. '),
(1284, 85, 5, 'Combine bone broth, chicken broth, and water in large bowl, and bring to boil for two minutes on high heat.'),
(1285, 85, 6, 'Add chicken, onions, garlic, carrots, apple into pot.'),
(1286, 85, 7, 'Add cayenne pepper, Worcestershire sauce, siracha and salt into pot. (optional: add dash of apple cider vinegar to pot or rice vinegar --- NOT TOO MUCH THOUGH)'),
(1287, 85, 8, 'Cover pot and reduce heat to low medium. Stir every 30 minutes and use scissors to shred chicken further as needed. Salt and add bay leaf on 2nd hour. '),
(1288, 85, 9, 'Remove from heat on 3.5 hours and enjoy. Apples and onions should be fully dissolved leaving only shredded chicken and carrots and garlic cloves as meat. Broth should be sweet and spicy.'),
(1289, 84, 1, 'Preheat oven to 400F.'),
(1290, 84, 2, 'Line 9x13 cookie sheet with parchment paper.'),
(1291, 84, 3, 'Lay bacon flat on baking sheet.'),
(1292, 84, 4, 'Lightly dust the bacon with your dash of baking powder.'),
(1293, 84, 5, 'Bake bacon for 20min at 400F.'),
(1294, 15, 1, 'Melt butter in a pan over medium heat.'),
(1295, 15, 2, 'Add minced garlic and cook until fragrant.'),
(1296, 15, 3, 'Add shrimp, salt, and black pepper, and cook until pink.'),
(1297, 15, 4, 'Drizzle with lemon juice and garnish with parsley.'),
(1298, 15, 5, 'Serve warm.'),
(1299, 14, 1, 'In a bowl, whisk together flour, baking powder, and salt.'),
(1300, 14, 2, 'In a separate bowl, whisk eggs, milk, and melted butter.'),
(1301, 14, 3, 'Combine wet and dry ingredients, then fold in blueberries.'),
(1302, 14, 4, 'Heat a pan and pour in batter to form pancakes.'),
(1303, 14, 5, 'Flip when bubbles form and cook until golden brown.'),
(1304, 14, 6, 'Serve warm with maple syrup.'),
(1305, 2, 1, 'Warm the tortillas in a large skillet.'),
(1306, 2, 2, 'Scramble the eggs with salt and pepper until just set.'),
(1307, 2, 3, 'Heat the black beans in a small saucepan.'),
(1308, 2, 4, 'Slice the avocado.'),
(1309, 2, 5, 'Layer each tortilla with eggs, beans, cheese, avocado, and salsa.'),
(1310, 2, 6, 'Roll up tightly, tucking in the sides as you go.'),
(1311, 2, 7, 'Optional: Return to skillet and brown on all sides.'),
(1312, 86, 1, 'Combine all ingredients in a large mixing bowl'),
(1313, 86, 2, 'Form 16 two-inch balls\r\nPlace on cookie sheet covered with parchment paper'),
(1314, 86, 3, 'Preheat oven to 400 degrees. Bake for 15 minutes or until internal temperature reaches 145 degrees'),
(1315, 86, 4, 'Serve warm or freeze in a ziploc bag or airtight container. If frozen\r\nmicrowave 2 balls on high for one minute. '),
(1316, 16, 1, 'Preheat oven to 350°F (175°C).'),
(1317, 16, 2, 'In a bowl, mix flour, baking soda, and salt.'),
(1318, 16, 3, 'In another bowl, beat butter, brown sugar, and white sugar until creamy.'),
(1319, 16, 4, 'Add eggs and vanilla extract to the mixture.'),
(1320, 16, 5, 'Gradually mix in dry ingredients.'),
(1321, 16, 6, 'Stir in chocolate chips.'),
(1322, 16, 7, 'Drop dough by spoonfuls onto a baking sheet.'),
(1323, 16, 8, 'Bake for 10-12 minutes until golden brown.'),
(1324, 16, 9, 'Cool on a wire rack and serve.'),
(1325, 10, 1, 'Preheat oven to 500°F (260°C) and place a pizza stone inside if available.'),
(1326, 10, 2, 'Roll out the pizza dough on a floured surface to desired thickness.'),
(1327, 10, 3, 'Spread tomato sauce evenly over the pizza dough, leaving a small border.'),
(1328, 10, 4, 'Tear mozzarella into small pieces and distribute them over the sauce.'),
(1329, 10, 5, 'Drizzle olive oil over the top and sprinkle with a pinch of salt.'),
(1330, 10, 6, 'Bake in the preheated oven for 7-10 minutes, or until the crust is golden and cheese is bubbly.'),
(1331, 10, 7, 'Remove from the oven and immediately add fresh basil leaves.'),
(1332, 10, 8, 'Let cool slightly before slicing and serving.'),
(1333, 113, 1, 'Preheat oven to 400°F (200°C).'),
(1334, 113, 2, 'Peel and cut the potatoes into wedges.'),
(1335, 113, 3, 'In a bowl, mix olive oil, lemon juice, minced garlic, and oregano.'),
(1336, 113, 4, 'Toss the potatoes in the mixture until evenly coated.'),
(1337, 113, 5, 'Spread the potatoes on a baking sheet and roast for 60 minutes, flipping halfway.'),
(1338, 113, 6, 'Serve warm with additional lemon juice if desired.'),
(1339, 9, 1, 'Cook rice noodles according to package instructions and drain.'),
(1340, 9, 2, 'Heat sesame oil in a pan over medium heat.'),
(1341, 9, 3, 'Add garlic and cook until fragrant.'),
(1342, 9, 4, 'Add tofu and cook until golden brown.'),
(1343, 9, 5, 'Stir in carrots, broccoli, and bean sprouts, and cook for 2-3 minutes.'),
(1344, 9, 6, 'Push vegetables to one side of the pan and add beaten eggs to scramble.'),
(1345, 9, 7, 'Combine everything and add the cooked noodles.'),
(1346, 9, 8, 'Pour peanut sauce and soy sauce over the noodles and stir to coat evenly.'),
(1347, 9, 9, 'Remove from heat and add lime juice, green onions, and crushed peanuts.'),
(1348, 9, 10, 'Serve hot and enjoy.'),
(1356, 7, 1, 'Season pork shoulder with garlic powder, paprika, brown sugar, salt, and black pepper.'),
(1357, 7, 2, 'Place pork shoulder in a slow cooker and cook on low for 8-10 hours until tender.'),
(1358, 7, 3, 'Shred the pork using two forks.'),
(1359, 7, 4, 'Mix shredded pork with BBQ sauce and cook for another 30 minutes.'),
(1360, 7, 5, 'Toast the burger buns.'),
(1361, 7, 6, 'Assemble the sandwich by placing BBQ pork on buns, topping with onion slices and pickles.'),
(1362, 7, 7, 'Serve warm and enjoy.'),
(1363, 1, 1, 'Bring a large pot of salted water to boil for the pasta.'),
(1364, 1, 2, 'While water is heating, cut the pancetta into small cubes.'),
(1365, 1, 3, 'In a bowl, whisk together eggs, grated pecorino cheese, and black pepper.'),
(1366, 1, 4, 'Cook spaghetti in the boiling water according to package instructions.'),
(1367, 1, 5, 'While pasta cooks, sauté pancetta in a large pan until crispy.'),
(1368, 1, 6, 'Reserve 1 cup pasta water, then drain pasta.'),
(1369, 1, 7, 'Working quickly, add hot pasta to pancetta, then mix in egg mixture, stirring constantly.'),
(1370, 1, 8, 'Add pasta water as needed to create a creamy sauce. Serve immediately.'),
(1371, 5, 1, 'Cook jasmine rice according to package instructions.'),
(1372, 5, 2, 'Press and cube tofu, then pan-fry until golden.'),
(1373, 5, 3, 'In a large pot, heat coconut milk and stir in curry paste.'),
(1374, 5, 4, 'Add vegetables and simmer until tender-crisp.'),
(1375, 5, 5, 'Add tofu, soy sauce, and brown sugar.'),
(1376, 5, 6, 'Finish with lime juice and fresh basil.'),
(1377, 5, 7, 'Serve hot over jasmine rice.'),
(1378, 3, 1, 'Cook quinoa according to package instructions.'),
(1379, 3, 2, 'Roast sweet potato cubes with olive oil, salt, and pepper.'),
(1380, 3, 3, 'Season and roast chickpeas until crispy.'),
(1381, 3, 4, 'Massage kale with olive oil and salt.'),
(1382, 3, 5, 'Make dressing by whisking tahini, lemon juice, and water.'),
(1383, 3, 6, 'Assemble bowls with quinoa base, topped with vegetables.'),
(1384, 3, 7, 'Add sliced avocado and drizzle with tahini dressing.'),
(1385, 8, 1, 'Preheat oven to 375°F (190°C).'),
(1386, 8, 2, 'Pat dry the chicken with paper towels.'),
(1387, 8, 3, 'Rub the chicken with lemon juice and olive oil.'),
(1388, 8, 4, 'Season generously with salt, black pepper, paprika, rosemary, and thyme.'),
(1389, 8, 5, 'Stuff the cavity with garlic cloves and additional herbs.'),
(1390, 8, 6, 'Place the chicken in a roasting pan and spread butter over the skin.'),
(1391, 8, 7, 'Roast for about 1.5 hours, basting occasionally with pan juices.'),
(1392, 8, 8, 'Check internal temperature (should be 165°F at thickest part).'),
(1393, 8, 9, 'Let the chicken rest for 10-15 minutes before carving.'),
(1394, 8, 10, 'Serve warm and enjoy.'),
(1395, 87, 1, 'Spread mayonnaise on the bread'),
(1396, 87, 2, 'Place cheese on the bread'),
(1397, 87, 3, 'Place fist on the bottom slice of bread, top with the second slice'),
(1398, 87, 4, 'Serve hot!');

-- --------------------------------------------------------

--
-- Table structure for table `recipe_style`
--

CREATE TABLE `recipe_style` (
  `style_id` int NOT NULL,
  `name` varchar(50) CHARACTER SET utf8mb4 COLLATE utf8mb4_general_ci NOT NULL
) ENGINE=InnoDB DEFAULT CHARSET=utf8mb4 COLLATE=utf8mb4_general_ci;

--
-- Dumping data for table `recipe_style`
--

INSERT INTO `recipe_style` (`style_id`, `name`) VALUES
(1, 'American'),
(11, 'Asian'),
(16, 'Brazilian'),
(4, 'Chinese'),
(18, 'Cuban'),
(12, 'Ethiopian'),
(9, 'French'),
(14, 'German'),
(13, 'Greek'),
(5, 'Indian'),
(2, 'Italian'),
(6, 'Japanese'),
(10, 'Korean'),
(8, 'Mediterranean'),
(3, 'Mexican'),
(15, 'Spanish'),
(7, 'Thai'),
(17, 'Venezuelan');

-- --------------------------------------------------------

--
-- Table structure for table `recipe_type`
--

CREATE TABLE `recipe_type` (
  `type_id` int NOT NULL,
  `name` varchar(50) CHARACTER SET utf8mb4 COLLATE utf8mb4_general_ci NOT NULL
) ENGINE=InnoDB DEFAULT CHARSET=utf8mb4 COLLATE=utf8mb4_general_ci;

--
-- Dumping data for table `recipe_type`
--

INSERT INTO `recipe_type` (`type_id`, `name`) VALUES
(4, 'Appetizer'),
(7, 'Beverage'),
(1, 'Breakfast'),
(13, 'Cocktail'),
(5, 'Dessert'),
(3, 'Dinner'),
(2, 'Lunch'),
(10, 'Main Course'),
(9, 'Salad'),
(15, 'Sandwich'),
(14, 'Side'),
(6, 'Snack'),
(8, 'Soup');

-- --------------------------------------------------------

--
-- Table structure for table `user_account`
--

CREATE TABLE `user_account` (
  `user_id` int UNSIGNED NOT NULL,
  `username` varchar(50) CHARACTER SET utf8mb4 COLLATE utf8mb4_general_ci NOT NULL,
  `first_name` varchar(50) CHARACTER SET utf8mb4 COLLATE utf8mb4_general_ci NOT NULL,
  `last_name` varchar(50) CHARACTER SET utf8mb4 COLLATE utf8mb4_general_ci NOT NULL,
  `email` varchar(100) CHARACTER SET utf8mb4 COLLATE utf8mb4_general_ci NOT NULL,
  `password_hash` varchar(255) CHARACTER SET utf8mb4 COLLATE utf8mb4_general_ci NOT NULL,
  `user_level` enum('s','a','u') CHARACTER SET utf8mb4 COLLATE utf8mb4_general_ci NOT NULL DEFAULT 'u',
  `is_active` tinyint(1) DEFAULT '1',
  `created_at` timestamp NOT NULL DEFAULT CURRENT_TIMESTAMP,
  `updated_at` timestamp NULL DEFAULT NULL ON UPDATE CURRENT_TIMESTAMP
) ENGINE=InnoDB DEFAULT CHARSET=utf8mb4 COLLATE=utf8mb4_general_ci;

--
-- Dumping data for table `user_account`
--

INSERT INTO `user_account` (`user_id`, `username`, `first_name`, `last_name`, `email`, `password_hash`, `user_level`, `is_active`, `created_at`, `updated_at`) VALUES
(1, 'hcvaughn', 'Henry', 'Vaughn', 'henrycvaughn@students.abtech.edu', 'Divided4union', 'u', 1, '2025-03-04 15:46:35', '2025-03-08 22:29:17'),
(2, 'admin_chef', 'Michael', 'Brown', 'michael@example.com', '$2y$10$8sA2N5Sx/1zMG6RN2ZC1Y.oqhPE0U6Y3MxEJdA9WwR8wMYsDAF.Ym', 'a', 1, '2025-03-04 15:46:35', NULL),
(3, 'chef_maria', 'Maria', 'Garcia', 'maria@example.com', '$2y$10$8sA2N5Sx/1zMG6RN2ZC1Y.oqhPE0U6Y3MxEJdA9WwR8wMYsDAF.Ym', 'u', 1, '2025-03-04 15:46:35', NULL),
(4, 'home_cook', 'David', 'Wilson', 'david@example.com', '$2y$10$8sA2N5Sx/1zMG6RN2ZC1Y.oqhPE0U6Y3MxEJdA9WwR8wMYsDAF.Ym', 'u', 1, '2025-03-04 15:46:35', NULL),
(5, 'foodie_jane', 'Jane', 'Smith', 'jane@example.com', '$2y$10$8sA2N5Sx/1zMG6RN2ZC1Y.oqhPE0U6Y3MxEJdA9WwR8wMYsDAF.Ym', 'u', 1, '2025-03-04 15:46:35', '2025-03-05 16:34:15'),
(6, 'super_admin', 'Super', 'Admin', 'super@admin.com', '$2y$10$wcCE89SUfrazauK1wxuc8uidXkEpa.qy094gy9b4SyMBEJmd0mL4K', 's', 1, '2025-03-04 15:46:35', '2025-03-08 22:34:06'),
(7, 'registertest', 'Register', 'Tester', 'register@test.com', '$2y$10$.xg8TwkVQ0H79jzws1xnlusfrEylzXiVH5bTU/E7EH.fIB0L.4szO', 'a', 0, '2025-03-04 15:52:53', '2025-03-08 22:32:57'),
(8, 'jhandcock', 'John', 'Handcock', 'jc@handcock.com', '$2y$10$3IvdWtB9YOlAHO5e7f4gR.JKg5yPxeli5KogHReoCBIEKKOaQjI16', 'u', 1, '2025-03-05 23:56:19', '2025-03-06 00:02:53'),
(10, 'vaughndmd', 'Henry', 'Vaughn', 'vaughndmd@gmail.com', '$2y$10$8XVhf.aUHGaPHSuWfLdZCufWNgK7BIdC.mLdph/9e.puFJuLri4Sy', 'u', 1, '2025-03-06 23:49:40', NULL),
(11, 'dgraham', 'David', 'Graham', 'david32@example.com', '$2y$10$ByaRxfT3NgsUvLPF6ApjxeNGFOsyDTEx8kfflnGz0wblMPphekpNy', 'u', 0, '2025-03-07 16:33:01', '2025-03-08 22:32:42'),
(12, 'mhatwell', 'Hudson', 'Atwell', 'hudson.atwell@gmail.com', '$2y$10$labhtvaAsP3G3tfeBo3kt.UlzxlC3UUgH3M2gtYaMQOfSKVDip2R6', 'u', 1, '2025-03-07 22:48:24', '2025-03-16 17:27:18'),
(14, 'KevinTestee', 'Kevin', 'Franklin', 'kevin@usertesting.com', '$2y$10$sLjcZ8mIGOfnSn/0z4Ij.ekHMA5QRDXWvzBCeC/NgZzc6HPjooJKG', 'u', 1, '2025-03-09 01:05:56', NULL),
(15, 'mpersky', 'Mo', 'Persky', 'welovemocake@gmail.com', '$2y$10$gCwxjGy2slUJh5fE2xlvAu49EasFaXqRtJE1TZPtBk.KjMjlCM146', 'u', 1, '2025-03-09 02:40:12', NULL),
(17, 'wAKXeTPLht', 'yAqTQkJrfEnKTza', 'fzGjYStZlLTQTe', 'williamskatie227133@yahoo.com', '$2y$10$s0MZ5V1v5YASZeneVILb2Oy7pxRg/prXgyRHssepPfP/1B8C1pd6W', 'u', 1, '2025-03-16 11:37:41', NULL),
(18, 'pgydnbs', 'Peter', 'Goodman', 'pgydnbs64@example.org', '21bd0e25d6a36cfc13af0f4378f5779a2e6ed298ff020e3129b98121414c203e', 'u', 1, '2025-03-17 15:12:10', NULL),
(19, 'rfzdzygd', 'Ryan', 'Foster', 'rfzdzygd@example.net', '58931d4ce0a2bbd667e6bc8f7328b4582b90177c6e18ecb0510414aaa48280c3', 'u', 1, '2025-03-17 15:12:10', NULL),
(20, 'gyjkut', 'Grace', 'Young', 'gyjkut31@example.org', '69df1899949d6f51d85e129df73b62e043fa20f12e0b0fa44e959a2d1e49ee96', 'u', 1, '2025-03-17 15:12:10', NULL),
(21, 'dnfeqze', 'Diana', 'Nelson', 'dnfeqze@example.net', 'e57e438357dc0eae9b6fdb59ba3c7989032ca60f83be52a359ecd71691d97dd1', 'u', 1, '2025-03-17 15:12:10', NULL),
(22, 'jlljq', 'James', 'Lloyd', 'jlljq@example.net', '551f76e3906f248a7539a4ec75edbee2677ecb5a818f0e931f497d9ae4729337', 'u', 1, '2025-03-17 15:12:10', NULL),
(23, 'cqhcweip', 'Chris', 'Weber', 'cqhcweip56@example.net', 'f412b111079891baae33e91d995e868d52e68d2868c299aacbb1c6c1667f0600', 'u', 1, '2025-03-17 15:12:10', NULL),
(24, 'nora_cook', 'Nora', 'Cooke', 'nora.cook@example.com', '11af663e8e57b112629e3cc4ba3b02d653d7807838285874d69fe660c84db9d0', 'u', 1, '2025-03-17 15:12:29', NULL),
(25, 'jake_chef', 'Jake', 'Holloway', 'jake.holloway@example.net', 'cff8c931297b37e635005f15dfd51cc1d7e42e0662e2201a14b3c33523b63e6c', 'u', 1, '2025-03-17 15:12:29', NULL),
(26, 'liv_foodie', 'Olivia', 'Ramirez', 'olivia.ramirez@example.org', '2cd39bb25c8fc68a9d2239bf49a4c20d72552c8d9e57aff61d632fad5a7ef3ec', 'u', 1, '2025-03-17 15:12:29', NULL),
(27, 'leo_bakes', 'Leo', 'Patel', 'leo.patel@example.com', '66b5c227d07c7700422d3b29e9efb75aee0f17f95f148365067677b465622ec9', 'u', 1, '2025-03-17 15:12:29', NULL),
(28, 'emma_savory', 'Emma', 'Savoy', 'emma.savoy@example.net', '8f29a2b0c57b411d9afd7d9a59493166fd769f47802566585d6f3e74f5326c82', 'u', 1, '2025-03-17 15:12:29', NULL),
(29, 'chris_gourmet', 'Chris', 'Gourmet', 'chris.gourmet@example.org', '0c764ed0f0bbb9cf10a69fa6d3cdcd49542d947261514cc5c958e01011b099f9', 'u', 1, '2025-03-17 15:12:29', NULL);

-- --------------------------------------------------------

--
-- Table structure for table `user_favorite`
--

CREATE TABLE `user_favorite` (
  `user_id` int UNSIGNED NOT NULL,
  `recipe_id` int UNSIGNED NOT NULL,
  `created_at` timestamp NOT NULL DEFAULT CURRENT_TIMESTAMP
) ENGINE=InnoDB DEFAULT CHARSET=utf8mb4 COLLATE=utf8mb4_general_ci;

--
-- Dumping data for table `user_favorite`
--

INSERT INTO `user_favorite` (`user_id`, `recipe_id`, `created_at`) VALUES
(6, 6, '2025-03-07 00:30:12'),
(6, 7, '2025-03-07 03:09:51'),
(6, 10, '2025-03-06 23:09:43'),
(6, 11, '2025-03-07 02:59:02'),
(6, 12, '2025-03-06 23:26:16'),
(6, 13, '2025-03-06 23:11:53'),
(6, 16, '2025-03-07 03:05:01'),
(6, 135, '2025-03-18 23:43:12'),
(6, 140, '2025-03-18 23:43:15'),
(10, 10, '2025-03-07 00:13:53'),
(10, 15, '2025-03-08 15:01:43'),
(11, 15, '2025-03-07 16:35:20'),
(12, 13, '2025-03-07 23:00:26'),
(14, 10, '2025-03-09 01:08:04'),
(14, 87, '2025-03-09 01:23:35'),
(15, 7, '2025-03-09 02:49:59'),
(15, 13, '2025-03-09 02:45:02'),
(15, 88, '2025-03-09 03:22:52');

--
-- Indexes for dumped tables
--

--
-- Indexes for table `ingredient`
--
ALTER TABLE `ingredient`
  ADD PRIMARY KEY (`ingredient_id`),
  ADD UNIQUE KEY `recipe_id` (`recipe_id`,`name`),
  ADD KEY `idx_recipe_id` (`recipe_id`),
  ADD KEY `idx_name` (`name`);

--
-- Indexes for table `measurement`
--
ALTER TABLE `measurement`
  ADD PRIMARY KEY (`measurement_id`),
  ADD UNIQUE KEY `name` (`name`);

--
-- Indexes for table `recipe`
--
ALTER TABLE `recipe`
  ADD PRIMARY KEY (`recipe_id`),
  ADD KEY `user_id` (`user_id`),
  ADD KEY `style_id` (`style_id`),
  ADD KEY `diet_id` (`diet_id`),
  ADD KEY `idx_recipe_title` (`title`),
  ADD KEY `idx_recipe_featured` (`is_featured`),
  ADD KEY `idx_recipe_type_diet_style` (`type_id`,`diet_id`,`style_id`);

--
-- Indexes for table `recipe_comment`
--
ALTER TABLE `recipe_comment`
  ADD PRIMARY KEY (`comment_id`),
  ADD KEY `user_id` (`user_id`),
  ADD KEY `idx_comment_recipe` (`recipe_id`);

--
-- Indexes for table `recipe_diet`
--
ALTER TABLE `recipe_diet`
  ADD PRIMARY KEY (`diet_id`),
  ADD UNIQUE KEY `name` (`name`),
  ADD KEY `idx_recipe_diet_name` (`name`);

--
-- Indexes for table `recipe_ingredient`
--
ALTER TABLE `recipe_ingredient`
  ADD PRIMARY KEY (`recipe_ingredient_id`),
  ADD KEY `measurement_id` (`measurement_id`),
  ADD KEY `idx_recipe_id` (`recipe_id`),
  ADD KEY `idx_ingredient_id` (`ingredient_id`);

--
-- Indexes for table `recipe_rating`
--
ALTER TABLE `recipe_rating`
  ADD PRIMARY KEY (`rating_id`),
  ADD KEY `user_id` (`user_id`),
  ADD KEY `idx_rating_recipe_user` (`recipe_id`,`user_id`);

--
-- Indexes for table `recipe_step`
--
ALTER TABLE `recipe_step`
  ADD PRIMARY KEY (`step_id`),
  ADD KEY `idx_step_recipe` (`recipe_id`);

--
-- Indexes for table `recipe_style`
--
ALTER TABLE `recipe_style`
  ADD PRIMARY KEY (`style_id`),
  ADD UNIQUE KEY `name` (`name`),
  ADD KEY `idx_recipe_style_name` (`name`);

--
-- Indexes for table `recipe_type`
--
ALTER TABLE `recipe_type`
  ADD PRIMARY KEY (`type_id`),
  ADD UNIQUE KEY `name` (`name`),
  ADD KEY `idx_recipe_type_name` (`name`);

--
-- Indexes for table `user_account`
--
ALTER TABLE `user_account`
  ADD PRIMARY KEY (`user_id`),
  ADD UNIQUE KEY `username` (`username`),
  ADD UNIQUE KEY `email` (`email`),
  ADD KEY `idx_user_username` (`username`),
  ADD KEY `idx_user_email` (`email`),
  ADD KEY `idx_user_is_active` (`is_active`),
  ADD KEY `idx_user_last_name` (`last_name`),
  ADD KEY `idx_user_level_lastname` (`user_level`,`last_name`);
ALTER TABLE `user_account` ADD FULLTEXT KEY `idx_user_name` (`first_name`,`last_name`);

--
-- Indexes for table `user_favorite`
--
ALTER TABLE `user_favorite`
  ADD PRIMARY KEY (`user_id`,`recipe_id`),
  ADD KEY `recipe_id` (`recipe_id`);

--
-- AUTO_INCREMENT for dumped tables
--

--
-- AUTO_INCREMENT for table `ingredient`
--
ALTER TABLE `ingredient`
  MODIFY `ingredient_id` int UNSIGNED NOT NULL AUTO_INCREMENT, AUTO_INCREMENT=501;

--
-- AUTO_INCREMENT for table `measurement`
--
ALTER TABLE `measurement`
  MODIFY `measurement_id` int UNSIGNED NOT NULL AUTO_INCREMENT, AUTO_INCREMENT=21;

--
-- AUTO_INCREMENT for table `recipe`
--
ALTER TABLE `recipe`
  MODIFY `recipe_id` int UNSIGNED NOT NULL AUTO_INCREMENT, AUTO_INCREMENT=141;

--
-- AUTO_INCREMENT for table `recipe_comment`
--
ALTER TABLE `recipe_comment`
  MODIFY `comment_id` int UNSIGNED NOT NULL AUTO_INCREMENT, AUTO_INCREMENT=100;

--
-- AUTO_INCREMENT for table `recipe_diet`
--
ALTER TABLE `recipe_diet`
  MODIFY `diet_id` int NOT NULL AUTO_INCREMENT, AUTO_INCREMENT=23;

--
-- AUTO_INCREMENT for table `recipe_ingredient`
--
ALTER TABLE `recipe_ingredient`
  MODIFY `recipe_ingredient_id` int UNSIGNED NOT NULL AUTO_INCREMENT, AUTO_INCREMENT=1702;

--
-- AUTO_INCREMENT for table `recipe_rating`
--
ALTER TABLE `recipe_rating`
  MODIFY `rating_id` int NOT NULL AUTO_INCREMENT, AUTO_INCREMENT=138;

--
-- AUTO_INCREMENT for table `recipe_step`
--
ALTER TABLE `recipe_step`
  MODIFY `step_id` int UNSIGNED NOT NULL AUTO_INCREMENT, AUTO_INCREMENT=1399;

--
-- AUTO_INCREMENT for table `recipe_style`
--
ALTER TABLE `recipe_style`
  MODIFY `style_id` int NOT NULL AUTO_INCREMENT, AUTO_INCREMENT=19;

--
-- AUTO_INCREMENT for table `recipe_type`
--
ALTER TABLE `recipe_type`
  MODIFY `type_id` int NOT NULL AUTO_INCREMENT, AUTO_INCREMENT=16;

--
-- AUTO_INCREMENT for table `user_account`
--
ALTER TABLE `user_account`
  MODIFY `user_id` int UNSIGNED NOT NULL AUTO_INCREMENT, AUTO_INCREMENT=30;
COMMIT;

/*!40101 SET CHARACTER_SET_CLIENT=@OLD_CHARACTER_SET_CLIENT */;
/*!40101 SET CHARACTER_SET_RESULTS=@OLD_CHARACTER_SET_RESULTS */;
/*!40101 SET COLLATION_CONNECTION=@OLD_COLLATION_CONNECTION */;
